park,year,visits
ACAD,2013,2254922
ACAD,2014,2563129
ACAD,2015,2811184
ACAD,2016,3303393
ACAD,2017,3509271
ACAD,2018,3537575
ACAD,2019,3437286
ACAD,2020,2669034
ALPO,2013,107977
ALPO,2014,172883
ALPO,2015,168433
ALPO,2016,189371
ALPO,2017,201837
ALPO,2018,189047
ALPO,2019,189189
ALPO,2020,136029
AMIS,2013,1025151
AMIS,2014,1130096
AMIS,2015,1250051
AMIS,2016,1164530
AMIS,2017,1221635
AMIS,2018,1111770
AMIS,2019,1267900
AMIS,2020,1424139
ANTI,2013,370832
ANTI,2014,337079
ANTI,2015,347180
ANTI,2016,351911
ANTI,2017,366508
ANTI,2018,326197
ANTI,2019,287343
ANTI,2020,85884
APIS,2013,148556
APIS,2014,290059
APIS,2015,232662
APIS,2016,183796
APIS,2017,203421
APIS,2018,252920
APIS,2019,240613
APIS,2020,219009
ARCH,2013,1082866
ARCH,2014,1284767
ARCH,2015,1399247
ARCH,2016,1585718
ARCH,2017,1539028
ARCH,2018,1663557
ARCH,2019,1659702
ARCH,2020,1238083
ASIS,2013,2056828
ASIS,2014,2170681
ASIS,2015,2275606
ASIS,2016,2267821
ASIS,2017,2347167
ASIS,2018,2136889
ASIS,2019,2344536
ASIS,2020,2481660
BADL,2013,892372
BADL,2014,868094
BADL,2015,989354
BADL,2016,996263
BADL,2017,1054325
BADL,2018,1008942
BADL,2019,970998
BADL,2020,916932
BAND,2013,126682
BAND,2014,130106
BAND,2015,174073
BAND,2016,198478
BAND,2017,209141
BAND,2018,198441
BAND,2019,200741
BAND,2020,94948
BELA,2013,2642
BELA,2014,2636
BELA,2015,2642
BELA,2016,2642
BELA,2017,2642
BELA,2018,2642
BELA,2019,2642
BELA,2020,2642
BIBE,2013,316953
BIBE,2014,314102
BIBE,2015,381747
BIBE,2016,388290
BIBE,2017,440276
BIBE,2018,440091
BIBE,2019,463832
BIBE,2020,393907
BICA,2013,241527
BICA,2014,224083
BICA,2015,245173
BICA,2016,259485
BICA,2017,231836
BICA,2018,235570
BICA,2019,249659
BICA,2020,212295
BICY,2013,1007788
BICY,2014,1192856
BICY,2015,1112290
BICY,2016,1102148
BICY,2017,922883
BICY,2018,794350
BICY,2019,1007471
BICY,2020,1181930
BISC,2013,486848
BISC,2014,525745
BISC,2015,508164
BISC,2016,514709
BISC,2017,446961
BISC,2018,469253
BISC,2019,708522
BISC,2020,402770
BISO,2013,565063
BISO,2014,599906
BISO,2015,643135
BISO,2016,684715
BISO,2017,761200
BISO,2018,760906
BISO,2019,750494
BISO,2020,772625
BITH,2013,120108
BITH,2014,109956
BITH,2015,125832
BITH,2016,192809
BITH,2017,170649
BITH,2018,221514
BITH,2019,255926
BITH,2020,309053
BLCA,2013,175852
BLCA,2014,183045
BLCA,2015,209166
BLCA,2016,238018
BLCA,2017,307143
BLCA,2018,308962
BLCA,2019,432818
BLCA,2020,341620
BLRI,2013,12877368
BLRI,2014,13941749
BLRI,2015,15054603
BLRI,2016,15175578
BLRI,2017,16093765
BLRI,2018,14690418
BLRI,2019,14976085
BLRI,2020,14099485
BOST,2013,2245875
BOST,2014,2476078
BOST,2015,2262841
BOST,2016,2594495
BOST,2017,3425606
BOST,2018,3053241
BOST,2019,3201834
BOST,2020,277170
BRCA,2013,1311875
BRCA,2014,1435741
BRCA,2015,1745804
BRCA,2016,2365110
BRCA,2017,2571684
BRCA,2018,2679478
BRCA,2019,2594904
BRCA,2020,1464655
BUFF,2013,1125227
BUFF,2014,1357057
BUFF,2015,1463304
BUFF,2016,1785359
BUFF,2017,1471330
BUFF,2018,1240119
BUFF,2019,1326282
BUFF,2020,1478846
BUIS,2013,28972
BUIS,2014,34400
BUIS,2015,41936
BUIS,2016,38929
BUIS,2017,33082
BUIS,2018,31411
BUIS,2019,37085
BUIS,2020,16032
CABR,2013,856128
CABR,2014,893434
CABR,2015,981825
CABR,2016,959145
CABR,2017,997903
CABR,2018,842104
CABR,2019,761485
CABR,2020,523878
CACH,2013,828478
CACH,2014,827761
CACH,2015,813686
CACH,2016,821406
CACH,2017,825660
CACH,2018,439306
CACH,2019,460757
CACH,2020,76752
CACO,2013,4501898
CACO,2014,4426750
CACO,2015,4503220
CACO,2016,4692796
CACO,2017,4125418
CACO,2018,3926462
CACO,2019,4096104
CACO,2020,4083505
CAHA,2013,2214565
CAHA,2014,2153350
CAHA,2015,2274635
CAHA,2016,2411711
CAHA,2017,2433703
CAHA,2018,2591056
CAHA,2019,2606632
CAHA,2020,2648522
CAKR,2013,18225
CAKR,2016,15000
CAKR,2017,15000
CAKR,2018,15087
CAKR,2019,16226
CAKR,2020,11369
CALO,2013,416568
CALO,2014,430927
CALO,2015,400413
CALO,2016,458000
CALO,2017,399357
CALO,2018,408399
CALO,2019,455526
CALO,2020,488331
CANA,2013,1133688
CANA,2014,1451225
CANA,2015,1689754
CANA,2016,1629944
CANA,2017,1598586
CANA,2018,1657855
CANA,2019,1884122
CANA,2020,1162950
CANY,2013,462242
CANY,2014,542431
CANY,2015,634607
CANY,2016,776218
CANY,2017,742271
CANY,2018,739449
CANY,2019,733996
CANY,2020,493914
CARE,2013,663670
CARE,2014,786514
CARE,2015,941029
CARE,2016,1064904
CARE,2017,1150165
CARE,2018,1227627
CARE,2019,1226519
CARE,2020,981038
CASA,2013,778128
CASA,2014,760708
CASA,2015,819154
CASA,2016,854664
CASA,2017,876975
CASA,2018,748058
CASA,2019,673395
CASA,2020,251061
CATO,2013,175213
CATO,2014,188170
CATO,2015,229301
CATO,2016,221750
CATO,2017,236243
CATO,2018,299860
CATO,2019,296846
CATO,2020,539983
CAVE,2013,388566
CAVE,2014,397309
CAVE,2015,445720
CAVE,2016,466773
CAVE,2017,520026
CAVE,2018,465912
CAVE,2019,440691
CAVE,2020,183835
CHAT,2013,3039892
CHAT,2014,3119160
CHAT,2015,3173204
CHAT,2016,2736385
CHAT,2017,2768499
CHAT,2018,2873866
CHAT,2019,3393133
CHAT,2020,3066877
CHCH,2013,905984
CHCH,2014,996694
CHCH,2015,1002373
CHCH,2016,1027738
CHCH,2017,994537
CHCH,2018,945962
CHCH,2019,977158
CHCH,2020,678414
CHCU,2013,29917
CHCU,2014,38386
CHCU,2015,38914
CHCU,2016,54084
CHCU,2017,55334
CHCU,2018,57781
CHCU,2019,47342
CHCU,2020,8231
CHIC,2013,1099669
CHIC,2014,1152083
CHIC,2015,1254105
CHIC,2016,1676421
CHIC,2017,1533684
CHIC,2018,1477906
CHIC,2019,1422612
CHIC,2020,1348122
CHIR,2013,40646
CHIR,2014,45125
CHIR,2015,56960
CHIR,2016,51277
CHIR,2017,63132
CHIR,2018,60577
CHIR,2019,60655
CHIR,2020,44794
CHIS,2013,212029
CHIS,2014,342161
CHIS,2015,324816
CHIS,2016,364807
CHIS,2017,383687
CHIS,2018,366250
CHIS,2019,409630
CHIS,2020,167290
CHOH,2013,4941367
CHOH,2014,5066219
CHOH,2015,4798312
CHOH,2016,4813078
CHOH,2017,4859573
CHOH,2018,4438818
CHOH,2019,5116787
CHOH,2020,4888436
CHRI,2013,118638
CHRI,2014,109159
CHRI,2015,116817
CHRI,2016,115446
CHRI,2017,96779
CHRI,2018,107494
CHRI,2019,103594
CHRI,2020,23816
COLM,2013,409351
COLM,2014,416862
COLM,2015,588006
COLM,2016,391075
COLM,2017,375035
COLM,2018,375467
COLM,2019,397032
COLM,2020,435625
COLO,2013,3168731
COLO,2014,3335060
COLO,2015,3343909
COLO,2016,3352656
COLO,2017,3333448
COLO,2018,3294224
COLO,2019,3327268
COLO,2020,2946594
CONG,2013,120340
CONG,2014,120122
CONG,2015,87513
CONG,2016,143843
CONG,2017,159595
CONG,2018,145929
CONG,2019,159445
CONG,2020,119306
CORO,2013,92936
CORO,2014,118838
CORO,2015,132584
CORO,2016,136075
CORO,2017,131614
CORO,2018,103218
CORO,2019,130328
CORO,2020,156199
CRLA,2013,523027
CRLA,2014,535508
CRLA,2015,614712
CRLA,2016,756344
CRLA,2017,711749
CRLA,2018,720659
CRLA,2019,704512
CRLA,2020,670500
CRMO,2013,200525
CRMO,2014,214993
CRMO,2015,246826
CRMO,2016,255436
CRMO,2017,285227
CRMO,2018,263506
CRMO,2019,272224
CRMO,2020,250872
CUGA,2013,768363
CUGA,2014,879934
CUGA,2015,840601
CUGA,2016,820387
CUGA,2017,737547
CUGA,2018,684191
CUGA,2019,704598
CUGA,2020,735447
CUIS,2013,51435
CUIS,2014,61401
CUIS,2015,59859
CUIS,2016,61896
CUIS,2017,51937
CUIS,2018,55650
CUIS,2019,53904
CUIS,2020,37295
CURE,2013,814163
CURE,2014,931367
CURE,2015,944742
CURE,2016,982498
CURE,2017,1041446
CURE,2018,931512
CURE,2019,836034
CURE,2020,921584
CUVA,2013,2103010
CUVA,2014,2189849
CUVA,2015,2284612
CUVA,2016,2423390
CUVA,2017,2226879
CUVA,2018,2096053
CUVA,2019,2237997
CUVA,2020,2755628
DENA,2013,530922
DENA,2014,531315
DENA,2015,560757
DENA,2016,587412
DENA,2017,642809
DENA,2018,594660
DENA,2019,601152
DENA,2020,54850
DEPO,2013,91794
DEPO,2014,114414
DEPO,2015,140313
DEPO,2016,135404
DEPO,2017,109571
DEPO,2018,139724
DEPO,2019,147864
DEPO,2020,108590
DETO,2013,417326
DETO,2014,440875
DETO,2015,478833
DETO,2016,496210
DETO,2017,499031
DETO,2018,468216
DETO,2019,450785
DETO,2020,423997
DEVA,2013,951972
DEVA,2014,1101312
DEVA,2015,1154843
DEVA,2016,1296283
DEVA,2017,1294827
DEVA,2018,1678660
DEVA,2019,1740945
DEVA,2020,820023
DEWA,2013,4843350
DEWA,2014,4041672
DEWA,2015,3735134
DEWA,2016,3677744
DEWA,2017,3400944
DEWA,2018,3261921
DEWA,2019,3374865
DEWA,2020,4068529
DINO,2013,274361
DINO,2014,250625
DINO,2015,291799
DINO,2016,304312
DINO,2017,315859
DINO,2018,304468
DINO,2019,298965
DINO,2020,264145
DRTO,2013,58401
DRTO,2014,64865
DRTO,2015,70862
DRTO,2016,73661
DRTO,2017,54281
DRTO,2018,56810
DRTO,2019,79200
DRTO,2020,48543
ELMA,2013,137904
ELMA,2014,164063
ELMA,2015,174433
ELMA,2016,157440
ELMA,2017,161526
ELMA,2018,154368
ELMA,2019,158924
ELMA,2020,139336
ELMO,2013,40051
ELMO,2014,46256
ELMO,2015,49390
ELMO,2016,59422
ELMO,2017,59013
ELMO,2018,65453
ELMO,2019,68867
ELMO,2020,36328
EVER,2013,1047116
EVER,2014,1110901
EVER,2015,1077427
EVER,2016,930907
EVER,2017,1018557
EVER,2018,597124
EVER,2019,1118300
EVER,2020,702319
FIIS,2013,294219
FIIS,2014,384343
FIIS,2015,441899
FIIS,2016,431303
FIIS,2017,456392
FIIS,2018,305710
FIIS,2019,391311
FIIS,2020,250449
FLFO,2013,58032
FLFO,2014,63297
FLFO,2015,69130
FLFO,2016,73564
FLFO,2017,71763
FLFO,2018,79568
FLFO,2019,77340
FLFO,2020,61081
FOBO,2013,8082
FOBO,2014,6964
FOBO,2015,7760
FOBO,2016,8013
FOBO,2017,8491
FOBO,2018,8401
FOBO,2019,7577
FOBO,2020,6456
FOMA,2013,523694
FOMA,2014,568529
FOMA,2015,622175
FOMA,2016,557810
FOMA,2017,578981
FOMA,2018,608103
FOMA,2019,593788
FOMA,2020,543590
FRSP,2013,880251
FRSP,2014,873328
FRSP,2015,891917
FRSP,2016,969895
FRSP,2017,919311
FRSP,2018,926464
FRSP,2019,906800
FRSP,2020,838835
GAAR,2013,11012
GAAR,2014,12669
GAAR,2015,10745
GAAR,2016,10047
GAAR,2017,11177
GAAR,2018,9591
GAAR,2019,10518
GAAR,2020,2872
GARI,2013,135309
GARI,2014,117354
GARI,2015,105374
GARI,2016,115888
GARI,2017,118733
GARI,2018,97778
GARI,2019,119282
GARI,2020,109378
GATE,2013,6191246
GATE,2014,6021713
GATE,2015,6392565
GATE,2016,8651770
GATE,2017,9190610
GATE,2018,9243305
GATE,2019,9405622
GATE,2020,8404728
GETT,2013,1213349
GETT,2014,1020702
GETT,2015,1080185
GETT,2016,1091320
GETT,2017,1038649
GETT,2018,949989
GETT,2019,925117
GETT,2020,536553
GEWA,2013,131683
GEWA,2014,131984
GEWA,2015,130952
GEWA,2016,129750
GEWA,2017,122457
GEWA,2018,111058
GEWA,2019,139666
GEWA,2020,41970
GLAC,2013,2190374
GLAC,2014,2338528
GLAC,2015,2366056
GLAC,2016,2946681
GLAC,2017,3305512
GLAC,2018,2965309
GLAC,2019,3049839
GLAC,2020,1698864
GLBA,2013,500590
GLBA,2014,500727
GLBA,2015,551353
GLBA,2016,520171
GLBA,2017,547057
GLBA,2018,597915
GLBA,2019,672087
GLBA,2020,5748
GLCA,2013,1991924
GLCA,2014,2368452
GLCA,2015,2495093
GLCA,2016,3239525
GLCA,2017,4574940
GLCA,2018,4219441
GLCA,2019,4330563
GLCA,2020,2553392
GOGA,2013,14289121
GOGA,2014,15004420
GOGA,2015,14888537
GOGA,2016,15638777
GOGA,2017,14981897
GOGA,2018,15223697
GOGA,2019,15002227
GOGA,2020,12400045
GRBA,2013,92893
GRBA,2014,107526
GRBA,2015,116123
GRBA,2016,144846
GRBA,2017,168028
GRBA,2018,153094
GRBA,2019,131802
GRBA,2020,120248
GRCA,2013,4564840
GRCA,2014,4756771
GRCA,2015,5520736
GRCA,2016,5969811
GRCA,2017,6254238
GRCA,2018,6380495
GRCA,2019,5974411
GRCA,2020,2897098
GRSA,2013,242841
GRSA,2014,271774
GRSA,2015,299513
GRSA,2016,388308
GRSA,2017,486935
GRSA,2018,442905
GRSA,2019,527546
GRSA,2020,461532
GRSM,2013,9354695
GRSM,2014,10099276
GRSM,2015,10712674
GRSM,2016,11312786
GRSM,2017,11338893
GRSM,2018,11421200
GRSM,2019,12547743
GRSM,2020,12095720
GRTE,2013,2688794
GRTE,2014,2791392
GRTE,2015,3149921
GRTE,2016,3270076
GRTE,2017,3317000
GRTE,2018,3491151
GRTE,2019,3405614
GRTE,2020,3289638
GUIS,2013,4837965
GUIS,2014,4455240
GUIS,2015,3976883
GUIS,2016,4771309
GUIS,2017,3952941
GUIS,2018,4229968
GUIS,2019,5600240
GUIS,2020,4012129
GUMO,2013,145670
GUMO,2014,166868
GUMO,2015,169535
GUMO,2016,181839
GUMO,2017,225257
GUMO,2018,172347
GUMO,2019,188833
GUMO,2020,151256
HAFE,2013,255714
HAFE,2014,261202
HAFE,2015,282893
HAFE,2016,335691
HAFE,2017,342535
HAFE,2018,265737
HAFE,2019,299577
HAFE,2020,234473
HALE,2013,785300
HALE,2014,1142040
HALE,2015,1216772
HALE,2016,1263558
HALE,2017,1112390
HALE,2018,1044084
HALE,2019,994394
HALE,2020,319147
HAVO,2013,1583209
HAVO,2014,1693005
HAVO,2015,1832660
HAVO,2016,1887580
HAVO,2017,2016702
HAVO,2018,1116891
HAVO,2019,1368376
HAVO,2020,589775
HOBE,2013,55965
HOBE,2014,64359
HOBE,2015,89282
HOBE,2016,83370
HOBE,2017,74255
HOBE,2018,48491
HOBE,2019,45372
HOBE,2020,28600
HOSP,2013,1325719
HOSP,2014,1424484
HOSP,2015,1418162
HOSP,2016,1544300
HOSP,2017,1561616
HOSP,2018,1506887
HOSP,2019,1467153
HOSP,2020,1348215
INDE,2013,3553070
INDE,2014,3648050
INDE,2015,4311582
INDE,2016,5067510
INDE,2017,4790758
INDE,2018,4576456
INDE,2019,4532459
INDE,2020,907090
INDU,2013,1681695
INDU,2014,1553372
INDU,2015,1640195
INDU,2016,1698223
INDU,2017,2158471
INDU,2018,1756079
INDU,2019,2134285
INDU,2020,2293106
ISRO,2013,16274
ISRO,2014,14560
ISRO,2015,18684
ISRO,2016,24966
ISRO,2017,28196
ISRO,2018,25798
ISRO,2019,26410
ISRO,2020,6493
JECA,2013,98259
JECA,2014,104348
JECA,2015,116444
JECA,2016,137275
JECA,2017,144537
JECA,2018,142356
JECA,2019,123489
JECA,2020,35878
JEFF,2013,2377258
JEFF,2014,1817091
JEFF,2015,1698656
JEFF,2016,1271855
JEFF,2017,1398188
JEFF,2018,2016180
JEFF,2019,2055309
JEFF,2020,486021
JELA,2013,400128
JELA,2014,445524
JELA,2015,405618
JELA,2016,438420
JELA,2017,456666
JELA,2018,529878
JELA,2019,590329
JELA,2020,192601
JODR,2013,1228502
JODR,2014,1264842
JODR,2015,1430337
JODR,2016,1411819
JODR,2017,1433292
JODR,2018,1504561
JODR,2019,1426666
JODR,2020,1373817
JOTR,2013,1383340
JOTR,2014,1589904
JOTR,2015,2025756
JOTR,2016,2505286
JOTR,2017,2853619
JOTR,2018,2942382
JOTR,2019,2988547
JOTR,2020,2399542
KAHO,2013,158124
KAHO,2014,154206
KAHO,2015,170683
KAHO,2016,185041
KAHO,2017,196857
KAHO,2018,218015
KAHO,2019,232921
KAHO,2020,133877
KALA,2013,101112
KALA,2014,67210
KALA,2015,67891
KALA,2016,71527
KALA,2017,76512
KALA,2018,72146
KALA,2019,69401
KALA,2020,15847
KATM,2013,28966
KATM,2014,30896
KATM,2015,37818
KATM,2016,37818
KATM,2017,37818
KATM,2018,37818
KATM,2019,84167
KATM,2020,51511
KEFJ,2013,283502
KEFJ,2014,270666
KEFJ,2015,296697
KEFJ,2016,346534
KEFJ,2017,303598
KEFJ,2018,321596
KEFJ,2019,356601
KEFJ,2020,115882
KEMO,2013,1924076
KEMO,2014,2119013
KEMO,2015,2174870
KEMO,2016,2360256
KEMO,2017,2593725
KEMO,2018,2549164
KEMO,2019,2621050
KEMO,2020,2356401
KIMO,2013,247632
KIMO,2014,251093
KIMO,2015,257077
KIMO,2016,263357
KIMO,2017,291841
KIMO,2018,287635
KIMO,2019,262031
KIMO,2020,249477
KLGO,2013,928150
KLGO,2014,1085202
KLGO,2015,919661
KLGO,2016,912351
KLGO,2017,906485
KLGO,2018,1017298
KLGO,2019,1116161
KLGO,2020,297
LABE,2013,105395
LABE,2014,138499
LABE,2015,108687
LABE,2016,127699
LABE,2017,135286
LABE,2018,127771
LABE,2019,109630
LABE,2020,111258
LACH,2013,37315
LACH,2014,35360
LACH,2015,32186
LACH,2016,45514
LACH,2017,38464
LACH,2018,38839
LACH,2019,38785
LACH,2020,30598
LACL,2013,13000
LACL,2014,16100
LACL,2015,17818
LACL,2016,21102
LACL,2017,22755
LACL,2018,14479
LACL,2019,17157
LACL,2020,4948
LAKE,2013,6344714
LAKE,2014,6942873
LAKE,2015,7298465
LAKE,2016,7175891
LAKE,2017,7882339
LAKE,2018,7578958
LAKE,2019,7499049
LAKE,2020,8016510
LAMR,2013,554272
LAMR,2014,692195
LAMR,2015,831374
LAMR,2016,1025613
LAMR,2017,1329076
LAMR,2018,1106233
LAMR,2019,1328340
LAMR,2020,1612784
LARO,2013,1254409
LARO,2014,1180898
LARO,2015,1170843
LARO,2016,1253571
LARO,2017,1304403
LARO,2018,1276722
LARO,2019,1358818
LARO,2020,1519403
LAVO,2013,427409
LAVO,2014,432977
LAVO,2015,468092
LAVO,2016,536068
LAVO,2017,507256
LAVO,2018,499435
LAVO,2019,517039
LAVO,2020,542274
LIRI,2013,185477
LIRI,2014,224931
LIRI,2015,248135
LIRI,2016,462700
LIRI,2017,367058
LIRI,2018,441177
LIRI,2019,649986
LIRI,2020,802375
LYJO,2013,82369
LYJO,2014,88427
LYJO,2015,124979
LYJO,2016,140303
LYJO,2017,146119
LYJO,2018,121499
LYJO,2019,111972
LYJO,2020,75322
MACA,2013,494541
MACA,2014,522628
MACA,2015,566895
MACA,2016,586514
MACA,2017,587853
MACA,2018,533206
MACA,2019,551590
MACA,2020,290392
MALU,2013,704168
MALU,2014,766030
MALU,2015,673728
MALU,2016,467715
MALU,2017,584435
MALU,2018,641801
MALU,2019,761650
MALU,2020,198158
MANA,2013,538888
MANA,2014,514140
MANA,2015,502045
MANA,2016,534835
MANA,2017,605577
MANA,2018,542004
MANA,2019,510427
MANA,2020,558036
MEVE,2013,460237
MEVE,2014,501563
MEVE,2015,547325
MEVE,2016,583527
MEVE,2017,613788
MEVE,2018,563420
MEVE,2019,556203
MEVE,2020,287477
MIMA,2013,947894
MIMA,2014,1056549
MIMA,2015,964330
MIMA,2016,1049414
MIMA,2017,1023921
MIMA,2018,1014803
MIMA,2019,1017326
MIMA,2020,1083973
MIMI,2013,76261
MIMI,2014,62058
MIMI,2015,100488
MIMI,2016,133895
MIMI,2017,143715
MIMI,2018,139273
MIMI,2019,125776
MIMI,2020,98908
MNRR,2013,169698
MNRR,2014,134760
MNRR,2015,145004
MNRR,2016,148210
MNRR,2017,119816
MNRR,2018,128657
MNRR,2019,129280
MNRR,2020,111602
MOJA,2013,549599
MOJA,2014,554560
MOJA,2015,589155
MOJA,2016,585635
MOJA,2017,716604
MOJA,2018,787404
MOJA,2019,841516
MOJA,2020,608633
MONO,2013,37647
MONO,2014,56187
MONO,2015,64596
MONO,2016,87547
MONO,2017,113820
MONO,2018,84901
MONO,2019,144969
MONO,2020,155116
MORA,2013,1148552
MORA,2014,1264259
MORA,2015,1237231
MORA,2016,1356913
MORA,2017,1415867
MORA,2018,1518491
MORA,2019,1501621
MORA,2020,1160754
MORR,2013,304941
MORR,2014,264363
MORR,2015,218959
MORR,2016,252514
MORR,2017,268295
MORR,2018,279393
MORR,2019,271330
MORR,2020,262361
MORU,2013,2162998
MORU,2014,2144808
MORU,2015,2434297
MORU,2016,2431231
MORU,2017,2437800
MORU,2018,2311273
MORU,2019,1963540
MORU,2020,2074986
MUWO,2013,954125
MUWO,2014,1049400
MUWO,2015,1099923
MUWO,2016,1123121
MUWO,2017,1062099
MUWO,2018,957932
MUWO,2019,812073
MUWO,2020,324232
NATR,2013,6012740
NATR,2014,5846474
NATR,2015,5785812
NATR,2016,5891315
NATR,2017,6326062
NATR,2018,6362439
NATR,2019,6296041
NATR,2020,6124808
NERI,2013,1071823
NERI,2014,1124799
NERI,2015,1178753
NERI,2016,1197931
NERI,2017,1168658
NERI,2018,1232627
NERI,2019,1195721
NERI,2020,1054374
NIOB,2013,71876
NIOB,2014,53443
NIOB,2015,68110
NIOB,2016,73813
NIOB,2017,80806
NIOB,2018,61639
NIOB,2019,60812
NIOB,2020,102766
NOAT,2013,16907
NOAT,2016,17000
NOAT,2017,17000
NOAT,2018,16387
NOAT,2019,17216
NOAT,2020,12533
NOCA,2013,21623
NOCA,2014,23865
NOCA,2015,20677
NOCA,2016,28646
NOCA,2017,30326
NOCA,2018,30085
NOCA,2019,38208
NOCA,2020,30885
OLYM,2013,3085340
OLYM,2014,3243872
OLYM,2015,3263761
OLYM,2016,3390221
OLYM,2017,3401996
OLYM,2018,3104455
OLYM,2019,3245806
OLYM,2020,2499177
ORCA,2013,72717
ORCA,2014,69405
ORCA,2015,72709
ORCA,2016,80613
ORCA,2017,72212
ORCA,2018,67417
ORCA,2019,65006
ORCA,2020,22789
ORPI,2013,206860
ORPI,2014,224548
ORPI,2015,222723
ORPI,2016,234186
ORPI,2017,260534
ORPI,2018,260375
ORPI,2019,263186
ORPI,2020,191512
OZAR,2013,1253703
OZAR,2014,1296437
OZAR,2015,1277941
OZAR,2016,1241480
OZAR,2017,1165296
OZAR,2018,1264657
OZAR,2019,1221489
OZAR,2020,1316795
PAIS,2013,515830
PAIS,2014,578815
PAIS,2015,582839
PAIS,2016,634012
PAIS,2017,650197
PAIS,2018,616033
PAIS,2019,576299
PAIS,2020,617704
PECO,2013,32386
PECO,2014,38256
PECO,2015,30229
PECO,2016,39715
PECO,2017,40650
PECO,2018,39129
PECO,2019,43834
PECO,2020,36695
PEFO,2013,644648
PEFO,2014,836799
PEFO,2015,793225
PEFO,2016,643274
PEFO,2017,627757
PEFO,2018,644922
PEFO,2019,643588
PEFO,2020,384483
PERI,2013,95251
PERI,2014,104686
PERI,2015,114578
PERI,2016,119490
PERI,2017,121163
PERI,2018,101969
PERI,2019,102753
PERI,2020,80455
PETE,2013,190086
PETE,2014,205572
PETE,2015,192655
PETE,2016,191898
PETE,2017,208473
PETE,2018,204322
PETE,2019,235691
PETE,2020,152878
PETR,2013,115075
PETR,2014,115859
PETR,2015,117825
PETR,2016,124177
PETR,2017,141803
PETR,2018,268613
PETR,2019,293957
PETR,2020,356492
PINN,2013,237677
PINN,2014,196635
PINN,2015,206533
PINN,2016,215555
PINN,2017,233334
PINN,2018,222152
PINN,2019,177224
PINN,2020,165740
PIRO,2013,575450
PIRO,2014,527897
PIRO,2015,723178
PIRO,2016,777428
PIRO,2017,781190
PIRO,2018,815308
PIRO,2019,858715
PIRO,2020,1212251
PORE,2013,2641808
PORE,2014,2433944
PORE,2015,2501106
PORE,2016,2438442
PORE,2017,2456669
PORE,2018,2397722
PORE,2019,2265301
PORE,2020,2252424
PRWI,2013,309298
PRWI,2014,315072
PRWI,2015,312109
PRWI,2016,344435
PRWI,2017,360540
PRWI,2018,313629
PRWI,2019,339693
PRWI,2020,333903
PUHO,2013,363282
PUHO,2014,401808
PUHO,2015,437286
PUHO,2016,421027
PUHO,2017,505735
PUHO,2018,462974
PUHO,2019,414410
PUHO,2020,130845
REDW,2013,393364
REDW,2014,429166
REDW,2015,527143
REDW,2016,536297
REDW,2017,445000
REDW,2018,482536
REDW,2019,504722
REDW,2020,265177
RICH,2013,151240
RICH,2014,179552
RICH,2015,184175
RICH,2016,208969
RICH,2017,224014
RICH,2018,199344
RICH,2019,197242
RICH,2020,179598
RIGR,2013,703
RIGR,2014,321
RIGR,2015,120
RIGR,2016,463
RIGR,2017,399
RIGR,2018,330
RIGR,2019,324
RIGR,2020,126
ROMO,2013,2991141
ROMO,2014,3434751
ROMO,2015,4155916
ROMO,2016,4517585
ROMO,2017,4437215
ROMO,2018,4590493
ROMO,2019,4670053
ROMO,2020,3305199
SAAN,2013,521705
SAAN,2014,1395337
SAAN,2015,1322154
SAAN,2016,1358911
SAAN,2017,1381383
SAAN,2018,1208104
SAAN,2019,1281121
SAAN,2020,1141353
SACN,2013,342942
SACN,2014,671582
SACN,2015,623122
SACN,2016,708258
SACN,2017,772475
SACN,2018,724644
SACN,2019,638258
SACN,2020,798622
SAFR,2013,4154455
SAFR,2014,4256888
SAFR,2015,4173014
SAFR,2016,4334752
SAFR,2017,4493519
SAFR,2018,4223542
SAFR,2019,4016598
SAFR,2020,1936101
SAGU,2013,678261
SAGU,2014,673572
SAGU,2015,753446
SAGU,2016,820426
SAGU,2017,964760
SAGU,2018,957405
SAGU,2019,1020226
SAGU,2020,762226
SAJU,2013,1328802
SAJU,2014,1382906
SAJU,2015,1532818
SAJU,2016,1456553
SAJU,2017,1188780
SAJU,2018,910405
SAJU,2019,1197345
SAJU,2020,357100
SAMO,2013,633054
SAMO,2014,694714
SAMO,2015,797126
SAMO,2016,906606
SAMO,2017,897593
SAMO,2018,867154
SAMO,2019,707566
SAMO,2020,733576
SARA,2013,54364
SARA,2014,58773
SARA,2015,65010
SARA,2016,102808
SARA,2017,97781
SARA,2018,135444
SARA,2019,145118
SARA,2020,73825
SCBL,2013,108127
SCBL,2014,119159
SCBL,2015,131122
SCBL,2016,130085
SCBL,2017,152560
SCBL,2018,142028
SCBL,2019,166007
SCBL,2020,181900
SHEN,2013,1136505
SHEN,2014,1255321
SHEN,2015,1321873
SHEN,2016,1437341
SHEN,2017,1458874
SHEN,2018,1264880
SHEN,2019,1425507
SHEN,2020,1666265
SITK,2013,161157
SITK,2014,157297
SITK,2015,185150
SITK,2016,217141
SITK,2017,194880
SITK,2018,197017
SITK,2019,232876
SITK,2020,115494
SLBE,2013,1340007
SLBE,2014,1395401
SLBE,2015,1535633
SLBE,2016,1683553
SLBE,2017,1678126
SLBE,2018,1643600
SLBE,2019,1570001
SLBE,2020,1718696
SUCR,2013,184864
SUCR,2014,176723
SUCR,2015,182203
SUCR,2016,60233
SUCR,2017,119454
SUCR,2018,104583
SUCR,2019,108379
SUCR,2020,83669
THRO,2013,545090
THRO,2014,559580
THRO,2015,580033
THRO,2016,753880
THRO,2017,708003
THRO,2018,749389
THRO,2019,691658
THRO,2020,551303
TIMU,2013,1031667
TIMU,2014,1121318
TIMU,2015,1239423
TIMU,2016,1148494
TIMU,2017,1218306
TIMU,2018,1134857
TIMU,2019,1205065
TIMU,2020,1017373
UPDE,2013,228464
UPDE,2014,230845
UPDE,2015,243246
UPDE,2016,264362
UPDE,2017,253537
UPDE,2018,220966
UPDE,2019,215537
UPDE,2020,250198
VAFO,2013,1962889
VAFO,2014,1990881
VAFO,2015,2143965
VAFO,2016,2428724
VAFO,2017,2159592
VAFO,2018,1881362
VAFO,2019,2259944
VAFO,2020,2012832
VALL,2020,30434
VICK,2013,573838
VICK,2014,550874
VICK,2015,532444
VICK,2016,508914
VICK,2017,475074
VICK,2018,474387
VICK,2019,576456
VICK,2020,176236
VIIS,2013,438601
VIIS,2014,426930
VIIS,2015,438372
VIIS,2016,411343
VIIS,2017,304408
VIIS,2018,112287
VIIS,2019,133398
VIIS,2020,167540
VOYA,2013,233390
VOYA,2014,239160
VOYA,2015,238313
VOYA,2016,241912
VOYA,2017,237250
VOYA,2018,239656
VOYA,2019,232974
VOYA,2020,263091
WACA,2013,125267
WACA,2014,135230
WACA,2015,153322
WACA,2016,152444
WACA,2017,165134
WACA,2018,167736
WACA,2019,152333
WACA,2020,107422
WHIS,2013,776025
WHIS,2014,851901
WHIS,2015,843845
WHIS,2016,875565
WHIS,2017,832063
WHIS,2018,585768
WHIS,2019,687159
WHIS,2020,805295
WHSA,2013,490544
WHSA,2014,503660
WHSA,2015,497506
WHSA,2016,555793
WHSA,2017,612468
WHSA,2018,603008
WHSA,2019,608785
WHSA,2020,415383
WICA,2013,516142
WICA,2014,547022
WICA,2015,612198
WICA,2016,617377
WICA,2017,619924
WICA,2018,656397
WICA,2019,615350
WICA,2020,448405
WRST,2013,69984
WRST,2014,74722
WRST,2015,80366
WRST,2016,79047
WRST,2017,68292
WRST,2018,79450
WRST,2019,74518
WRST,2020,16655
WUPA,2013,190878
WUPA,2014,195962
WUPA,2015,212828
WUPA,2016,223172
WUPA,2017,236454
WUPA,2018,205122
WUPA,2019,187059
WUPA,2020,146074
YELL,2013,3188030
YELL,2014,3513484
YELL,2015,4097710
YELL,2016,4257177
YELL,2017,4116524
YELL,2018,4115000
YELL,2019,4020288
YELL,2020,3806306
YOSE,2013,3691191
YOSE,2014,3882642
YOSE,2015,4150217
YOSE,2016,5028868
YOSE,2017,4336890
YOSE,2018,4009436
YOSE,2019,4422861
YOSE,2020,2268313
YUCH,2013,3914
YUCH,2014,2329
YUCH,2015,1133
YUCH,2016,1146
YUCH,2017,952
YUCH,2018,1272
YUCH,2019,1114
YUCH,2020,666
ZION,2013,2807387
ZION,2014,3189696
ZION,2015,3648846
ZION,2016,4295127
ZION,2017,4504812
ZION,2018,4320033
ZION,2019,4488268
ZION,2020,3591254
