date,hour,address
2019-01-02,18,104XX S CENTRAL AV
2019-01-09,10,S 19TH AV/W DOBBINS RD
2019-01-09,11,47XX E PIMA CANYON RD
2019-01-10,14,27XX E SQUAW PEAK DR
2019-01-11,15,49XX E MCDONALD DR
2019-01-12,9,109XX S CENTRAL AV
2019-01-12,14,49XX E MCDONALD DR
2019-01-12,14,19XX W DESERT VISTA TL
2019-01-13,12,49XX E MCDONALD DR
2019-01-17,11,130XX N CENTRAL AV
2019-01-18,16,7XX E MINERAL RD
2019-01-19,12,16XX E SONORAN DESERT DR
2019-01-19,16,6XX N GALVIN PW
2019-01-19,19,47XX E PIMA CANYON RD
2019-01-23,12,10XX N GALVIN PW
2019-01-24,18,57XX N ECHO CANYON PW
2019-01-27,13,105XX S 19TH AV
2019-01-30,17,8XX W PEORIA AV
2019-02-02,10,24XX E VALLEY VIEW DR
2019-02-04,11,49XX E MCDONALD DR
2019-02-06,15,49XX E MCDONALD DR
2019-02-07,17,50XX W ANDREA LN
2019-02-09,6,100XX N CENTRAL AV
2019-02-12,14,60XX E MCDOWELL RD
2019-02-13,9,33XX E KACHINA DR
2019-02-13,15,N 28TH ST/E FRIESS DR
2019-02-13,16,62XX E CHOLLA LN
2019-02-17,11,109XX S CENTRAL AV
2019-02-17,11,62XX E CHOLLA LN
2019-02-17,14,N 40TH ST/E SHEA BL
2019-02-18,15,49XX E MCDONALD DR
2019-02-23,12,49XX E MCDONALD DR
2019-02-24,10,154XX S 19TH AV
2019-02-24,14,49XX E MCDONALD DR
2019-02-24,16,47XX E PIMA CANYON RD
2019-02-27,23,104XX S CENTRAL AV
2019-02-28,17,E BUENA VISTA RD/S TV RD
2019-03-01,11,49XX E MCDONALD DR
2019-03-02,9,62XX E CHOLLA LN
2019-03-04,11,27XX E SQUAW PEAK DR
2019-03-05,11,57XX N ECHO CANYON PW
2019-03-06,9,48XX E PIMA CANYON RD
2019-03-07,9,47XX E PIMA CANYON RD
2019-03-09,7,S 43RD ST/E SUNRISE DR
2019-03-09,11,27XX E SQUAW PEAK DR
2019-03-11,6,31XX E LINCOLN DR
2019-03-15,10,49XX E MCDONALD DR
2019-03-18,11,104XX S CENTRAL AV
2019-03-19,11,62XX E CHOLLA LN
2019-03-20,11,45XX E PIMA CANYON RD
2019-03-20,13,49XX E MCDONALD DR
2019-03-21,8,154XX S 19TH AV
2019-03-22,10,90XX N 40TH ST
2019-03-23,16,62XX E CHOLLA LN
2019-03-24,14,49XX E MCDONALD DR
2019-03-25,11,27XX E SQUAW PEAK DR
2019-03-26,14,27XX E SQUAW PEAK DR
2019-03-27,10,62XX E CHOLLA LN
2019-03-28,8,N 32ND ST/E LINCOLN DR
2019-03-29,8,49XX E MCDONALD DR
2019-03-29,11,48XX E PIMA CANYON RD
2019-03-30,9,49XX E MCDONALD DR
2019-03-31,14,S 40TH PL/E SAN GABRIEL AV
2019-03-31,17,N 7TH ST/E SONORAN DESERT DR
2019-04-03,18,111XX N 7TH AV
2019-04-04,12,E KNOX RD/S WARPAINT DR
2019-04-06,12,10XX N GALVIN PW
2019-04-08,19,49XX E MCDONALD DR
2019-04-09,8,S 19TH AV/W CHANDLER BL
2019-04-09,14,62XX E CHOLLA LN
2019-04-10,10,N 21ST PL/E SHEA BL
2019-04-12,17,60XX E MCDOWELL RD
2019-04-14,9,62XX E CHOLLA LN
2019-04-14,12,99XX S 48TH ST
2019-04-16,11,62XX E CHOLLA LN
2019-04-16,13,24XX E VALLEY VIEW DR
2019-04-17,16,6XX N GALVIN PW
2019-04-19,12,24XX E VALLEY VIEW DR
2019-04-19,16,47XX E PIMA CANYON RD
2019-04-23,11,47XX E PIMA CANYON RD
2019-04-26,15,62XX E CHOLLA LN
2019-04-27,7,104XX S CENTRAL AV
2019-04-27,8,109XX S CENTRAL AV
2019-04-27,16,6XX N GALVIN PW
2019-04-28,11,16XX E SONORAN DESERT DR
2019-05-03,12,49XX E MCDONALD DR
2019-05-04,10,62XX E CHOLLA LN
2019-05-04,13,49XX E MCDONALD DR
2019-05-07,16,62XX E CHOLLA LN
2019-05-07,19,47XX E PIMA CANYON RD
2019-05-08,20,24XX E NORTHERN AV
2019-05-10,11,129XX N 7TH ST
2019-05-10,17,S 19TH AV/W CHANDLER BL
2019-05-13,15,49XX E MCDONALD DR
2019-05-13,16,N 62ND DR/W SPUR DR
2019-05-14,11,32XX E LINCOLN DR
2019-05-14,18,47XX E PIMA CANYON RD
2019-05-15,18,14XX W SWEETWATER AV
2019-05-18,14,N 23RD ST/E GARDENIA DR
2019-05-20,11,62XX E CHOLLA LN
2019-05-22,14,90XX N 40TH ST
2019-05-22,14,27XX E SQUAW PEAK DR
2019-05-22,17,49XX E MCDONALD DR
2019-05-24,8,27XX E SQUAW PEAK DR
2019-05-24,8,49XX E MCDONALD DR
2019-05-25,15,N 32ND ST/E SHEA BL
2019-05-27,8,62XX E CHOLLA LN
2019-05-30,6,62XX E CHOLLA LN
2019-05-30,11,49XX E MCDONALD DR
2019-06-02,6,16XX E SONORAN DESERT DR
2019-06-02,11,6XX N GALVIN PW
2019-06-03,9,49XX E MCDONALD DR
2019-06-03,12,106XX N 7TH ST
2019-06-04,8,27XX E SQUAW PEAK DR
2019-06-04,12,62XX E CHOLLA LN
2019-06-05,9,106XX N 7TH ST
2019-06-11,12,24XX E NORTHERN AV
2019-06-14,21,158XX N 16TH ST
2019-06-17,15,62XX E CHOLLA LN
2019-06-19,6,106XX N 7TH ST
2019-06-21,11,79XX S 46TH ST
2019-06-22,8,49XX E MCDONALD DR
2019-06-22,9,6XX N GALVIN PW
2019-06-23,12,27XX E SQUAW PEAK DR
2019-06-25,12,62XX E CHOLLA LN
2019-06-27,10,49XX E MCDONALD DR
2019-06-28,10,49XX E MCDONALD DR
2019-06-28,13,62XX E CHOLLA LN
2019-06-29,8,62XX E CHOLLA LN
2019-07-01,11,49XX E MCDONALD DR
2019-07-03,9,90XX N 40TH ST
2019-07-07,6,47XX E PIMA CANYON RD
2019-07-07,11,27XX E SQUAW PEAK DR
2019-07-09,12,7XX W CAREFREE HW
2019-07-13,9,27XX E SQUAW PEAK DR
2019-07-16,5,E KNOX RD/S WARPAINT DR
2019-07-17,8,27XX E SQUAW PEAK DR
2019-07-18,21,60XX E MORELAND ST
2019-07-18,21,N 32ND ST/E LINCOLN DR
2019-07-20,9,62XX E CHOLLA LN
2019-07-20,12,49XX E MCDONALD DR
2019-07-21,8,95XX N 2ND ST
2019-07-21,10,49XX E MCDONALD DR
2019-07-21,10,62XX E CHOLLA LN
2019-07-22,13,49XX E MCDONALD DR
2019-07-23,11,49XX E MCDONALD DR
2019-07-25,7,107XX S 19TH AV
2019-07-26,11,27XX E SQUAW PEAK DR
2019-07-27,9,49XX E MCDONALD DR
2019-08-02,6,130XX N CENTRAL AV
2019-08-02,10,62XX E CHOLLA LN
2019-08-02,17,7XX E DESERT FOOTHILLS PW
2019-08-03,15,142XX S DESERT FOOTHILLS PW
2019-08-04,9,27XX E SQUAW PEAK DR
2019-08-04,10,154XX S 19TH AV
2019-08-04,12,7XX W CAREFREE HW
2019-08-07,11,27XX E SQUAW PEAK DR
2019-08-08,10,62XX E CHOLLA LN
2019-08-09,12,N 40TH ST/E MISSION LN
2019-08-10,9,46XX E DESERT DR
2019-08-10,11,47XX E PIMA CANYON RD
2019-08-10,12,73XX N 36TH ST
2019-08-11,13,27XX E SQUAW PEAK DR
2019-08-13,18,16XX E SONORAN DESERT DR
2019-08-16,11,129XX N 7TH ST
2019-08-17,10,7XX W CAREFREE HW
2019-08-17,11,62XX E CHOLLA LN
2019-08-19,15,49XX E MCDONALD DR
2019-08-20,14,27XX E SQUAW PEAK DR
2019-08-23,7,24XX E NORTHERN AV
2019-08-25,22,N 67TH AV/N NEW RIVER RD
2019-08-27,8,49XX E MCDONALD DR
2019-08-27,9,49XX E MCDONALD DR
2019-08-29,23,102XX S CENTRAL AV
2019-08-30,14,62XX E CHOLLA LN
2019-08-31,6,49XX E MCDONALD DR
2019-08-31,12,27XX E SQUAW PEAK DR
2019-09-01,5,N 32ND ST/E LINCOLN DR
2019-09-02,14,49XX E MCDONALD DR
2019-09-07,10,49XX E MCDONALD DR
2019-09-13,10,24XX E VALLEY VIEW DR
2019-09-17,13,49XX E MCDONALD DR
2019-09-18,8,49XX E MCDONALD DR
2019-09-18,18,27XX E SQUAW PEAK DR
2019-09-19,6,105XX S 19TH AV
2019-09-19,12,154XX S 19TH AV
2019-09-22,8,49XX E MCDONALD DR
2019-09-23,18,62XX E CHOLLA LN
2019-09-24,12,7XX E MINERAL RD
2019-09-25,19,7XX E DESERT FOOTHILLS PW
2019-09-27,9,27XX E SQUAW PEAK DR
2019-09-28,8,49XX E MCDONALD DR
2019-09-28,12,27XX E SQUAW PEAK DR
2019-09-29,10,49XX E MCDONALD DR
2019-09-29,15,62XX E CHOLLA LN
2019-10-05,7,N DEEM HILLS PW/N STETSON VALLEY PW
2019-10-05,8,62XX E CHOLLA LN
2019-10-05,11,57XX N ECHO CANYON PW
2019-10-05,12,24XX E VALLEY VIEW DR
2019-10-07,10,E COCONINO ST/S WARPAINT DR
2019-10-08,8,32XX E EQUESTRIAN TL
2019-10-09,7,106XX N 7TH ST
2019-10-09,11,19XX W DESERT VISTA TL
2019-10-10,10,6XX N GALVIN PW
2019-10-10,11,112XX S 27TH AV
2019-10-12,8,104XX S CENTRAL AV
2019-10-12,18,158XX N 16TH ST
2019-10-16,17,7XX W CAREFREE HW
2019-10-19,10,62XX E CHOLLA LN
2019-10-19,17,47XX E PIMA CANYON RD
2019-10-20,18,49XX E MCDONALD DR
2019-10-21,15,60XX E MCDOWELL RD
2019-10-24,11,27XX E SQUAW PEAK DR
2019-10-25,18,127XX S TV RD
2019-10-26,11,49XX E MCDONALD DR
2019-10-27,8,24XX E VALLEY VIEW DR
2019-10-27,10,N 32ND ST/E LINCOLN DR
2019-10-27,19,49XX E MCDONALD DR
2019-10-29,18,7XX E DESERT FOOTHILLS PW
2019-11-01,16,27XX E SQUAW PEAK DR
2019-11-03,10,62XX E CHOLLA LN
2019-11-04,10,27XX E SQUAW PEAK DR
2019-11-04,17,62XX E CHOLLA LN
2019-11-05,14,57XX N ECHO CANYON PW
2019-11-05,15,24XX E VALLEY VIEW DR
2019-11-06,10,62XX E CHOLLA LN
2019-11-14,17,7XX E MINERAL RD
2019-11-16,14,7XX E MINERAL RD
2019-11-16,15,158XX N 16TH ST
2019-11-16,18,60XX E MCDOWELL RD
2019-11-19,11,158XX N 16TH ST
2019-11-20,12,27XX E SQUAW PEAK DR
2019-11-22,13,27XX E SQUAW PEAK DR
2019-11-23,13,27XX E SQUAW PEAK DR
2019-11-26,18,49XX E MCDONALD DR
2019-12-02,16,49XX E MCDONALD DR
2019-12-03,11,27XX E SQUAW PEAK DR
2019-12-06,10,62XX E CHOLLA LN
2019-12-06,11,49XX E MCDONALD DR
2019-12-06,12,106XX N 7TH ST
2019-12-09,15,49XX E MCDONALD DR
2019-12-12,12,49XX E MCDONALD DR
2019-12-14,12,36XX E KACHINA DR
2019-12-14,15,6XX N GALVIN PW
2019-12-16,13,109XX S CENTRAL AV
2019-12-20,17,40XX E RAY RD
2019-12-21,11,S SUMMIT RD/S TELEGRAPH PASS RD
2019-12-21,16,S 40TH PL/E SAN GABRIEL AV
2019-12-22,13,24XX E NORTHERN AV
2019-12-23,11,47XX E PIMA CANYON RD
2019-12-26,13,62XX E CHOLLA LN
2019-12-26,15,24XX E VALLEY VIEW DR
2019-12-29,13,105XX S 19TH AV
2019-12-29,15,27XX E SQUAW PEAK DR
2019-12-30,9,62XX E CHOLLA LN
2020-01-01,15,62XX E CHOLLA LN
2020-01-02,11,99XX N 7TH AV
2020-01-02,18,154XX S 19TH AV
2020-01-02,20,24XX E NORTHERN AV
2020-01-04,14,S 27TH AV/W ELLIOT RD
2020-01-04,17,49XX E MCDONALD DR
2020-01-05,12,49XX E MCDONALD DR
2020-01-05,15,10XX N GALVIN PW
2020-01-13,14,27XX E SQUAW PEAK DR
2020-01-13,16,109XX S CENTRAL AV
2020-01-13,18,158XX N 16TH ST
2020-01-15,12,62XX E CHOLLA LN
2020-01-15,20,62XX E CHOLLA LN
2020-01-19,10,47XX E PIMA CANYON RD
2020-01-19,16,27XX E SQUAW PEAK DR
2020-01-20,13,106XX N 7TH ST
2020-01-21,13,6XX N GALVIN PW
2020-01-22,10,S 21ST ST/E BETH DR
2020-01-22,12,N 22ND ST/E BELMONT AV
2020-01-22,15,22XX E DESERT COVE AV
2020-01-25,11,24XX E VALLEY VIEW DR
2020-01-25,15,N 16TH ST/E CAREFREE HW
2020-01-25,15,57XX N ECHO CANYON PW
2020-01-25,18,16XX E SONORAN DESERT DR
2020-01-26,6,62XX E CHOLLA LN
2020-01-26,14,60XX E MCDOWELL RD
2020-01-27,11,50XX W ANDREA LN
2020-01-31,12,16XX E SONORAN DESERT DR
2020-01-31,15,7XX E DESERT FOOTHILLS PW
2020-02-02,19,6XX N GALVIN PW
2020-02-08,14,62XX E CHOLLA LN
2020-02-14,6,10XX N GALVIN PW
2020-02-15,7,130XX S WARPAINT DR
2020-02-15,16,S 19TH AV/W CHANDLER BL
2020-02-16,11,130XX N CENTRAL AV
2020-02-16,14,49XX E MCDONALD DR
2020-02-17,8,47XX E PIMA CANYON RD
2020-02-17,14,62XX E CHOLLA LN
2020-02-19,11,E BUENA VISTA RD/S TV RD
2020-02-21,13,24XX E VALLEY VIEW DR
2020-02-21,15,48XX E PIMA CANYON RD
2020-02-24,9,49XX E MCDONALD DR
2020-02-24,14,60XX E MCDOWELL RD
2020-02-29,13,47XX E PIMA CANYON RD
2020-03-01,13,144XX N 14TH ST
2020-03-01,13,49XX E MCDONALD DR
2020-03-01,14,62XX E CHOLLA LN
2020-03-03,17,24XX E VALLEY VIEW DR
2020-03-05,5,129XX N 7TH ST
2020-03-06,12,E BUENA VISTA RD/S TV RD
2020-03-07,9,106XX N 7TH ST
2020-03-07,13,49XX E MCDONALD DR
2020-03-08,9,7XX E MINERAL RD
2020-03-10,18,57XX N ECHO CANYON PW
2020-03-14,10,62XX E CHOLLA LN
2020-03-15,14,90XX N 40TH ST
2020-03-15,19,S 46TH ST/E BEAUTIFUL LN
2020-03-17,11,N 18TH ST/E THUNDERBIRD RD
2020-03-17,18,48XX E PIMA CANYON RD
2020-03-17,22,N 19TH AV/W LARKSPUR DR
2020-03-19,14,27XX E SQUAW PEAK DR
2020-03-19,16,49XX E MCDONALD DR
2020-03-20,15,129XX N 7TH ST
2020-03-20,17,27XX E SQUAW PEAK DR
2020-03-21,8,130XX N CENTRAL AV
2020-03-21,15,24XX E VALLEY VIEW DR
2020-03-23,17,50XX W ANDREA LN
2020-03-24,10,6XX N GALVIN PW
2020-03-25,9,24XX E VALLEY VIEW DR
2020-03-25,16,127XX S TV RD
2020-03-25,20,49XX E MCDONALD DR
2020-03-26,9,27XX E SQUAW PEAK DR
2020-03-26,11,104XX S CENTRAL AV
2020-03-26,17,154XX S 19TH AV
2020-03-30,14,N 10TH DR/W BECKER LN
2020-04-03,10,268XX N 14TH LN
2020-04-04,11,6XX N GALVIN PW
2020-04-04,12,192XX N 16TH ST
2020-04-04,12,50XX W ANDREA LN
2020-04-06,10,N CENTRAL AV/E THUNDERBIRD RD
2020-04-10,21,109XX S CENTRAL AV
2020-04-11,9,N 15TH AV/W YUCCA ST
2020-04-12,13,79XX S 46TH ST
2020-04-12,20,14XX E DUNLAP AV
2020-04-14,12,49XX E MCDONALD DR
2020-04-16,8,32XX E LINCOLN DR
2020-04-18,17,109XX S CENTRAL AV
2020-04-19,9,16XX E SONORAN DESERT DR
2020-04-22,8,49XX E MCDONALD DR
2020-04-23,9,49XX E MCDONALD DR
2020-04-23,18,106XX N 7TH ST
2020-04-24,10,130XX N CENTRAL AV
2020-04-25,11,6XX N GALVIN PW
2020-04-25,15,109XX S CENTRAL AV
2020-04-26,13,49XX E MCDONALD DR
2020-04-30,18,158XX N 16TH ST
2020-05-01,7,127XX S TV RD
2020-05-03,12,S 24TH WY/E DESERT WILLOW DR
2020-05-03,12,47XX E PIMA CANYON RD
2020-05-05,6,106XX N 7TH ST
2020-05-05,20,60XX E MORELAND ST
2020-05-07,6,49XX E MCDONALD DR
2020-05-07,6,50XX W ANDREA LN
2020-05-07,7,24XX E VALLEY VIEW DR
2020-05-07,13,47XX E PIMA CANYON RD
2020-05-07,19,104XX S CENTRAL AV
2020-05-08,18,27XX E SQUAW PEAK DR
2020-05-09,11,N 36TH ST/E LINCOLN DR
2020-05-09,14,49XX E MCDONALD DR
2020-05-10,17,27XX E SQUAW PEAK DR
2020-05-11,5,106XX N 7TH ST
2020-05-15,8,109XX S CENTRAL AV
2020-05-15,10,106XX N 7TH ST
2020-05-16,7,27XX E SQUAW PEAK DR
2020-05-16,11,7XX E DESERT FOOTHILLS PW
2020-05-16,11,109XX S CENTRAL AV
2020-05-17,6,130XX N CENTRAL AV
2020-05-17,9,106XX N 7TH ST
2020-05-17,12,48XX E PIMA CANYON RD
2020-05-17,13,49XX E MCDONALD DR
2020-05-18,17,129XX N 7TH ST
2020-05-18,17,110XX N 7TH AV
2020-05-18,17,N CENTRAL AV/E THUNDERBIRD RD
2020-05-18,20,86XX S 24TH ST
2020-05-20,15,33XX E KACHINA DR
2020-05-22,6,27XX E SQUAW PEAK DR
2020-05-23,7,N 55TH AV/W HAPPY VALLEY RD
2020-05-23,10,275XX N 39TH AV
2020-05-24,18,60XX E MCDOWELL RD
2020-05-25,20,110XX N 7TH AV
2020-05-29,15,154XX S 19TH AV
2020-05-30,13,10XX N GALVIN PW
2020-05-30,17,104XX S CENTRAL AV
2020-05-30,21,106XX N 7TH ST
2020-06-06,14,49XX E MCDONALD DR
2020-06-07,6,N 32ND ST/E PUGET AV
2020-06-07,8,109XX S CENTRAL AV
2020-06-07,8,7XX E DESERT FOOTHILLS PW
2020-06-08,8,24XX E VALLEY VIEW DR
2020-06-11,9,16XX E SONORAN DESERT DR
2020-06-13,7,105XX S 19TH AV
2020-06-16,11,27XX E SQUAW PEAK DR
2020-06-20,11,7XX E DESERT FOOTHILLS PW
2020-06-20,11,27XX E SQUAW PEAK DR
2020-06-20,12,33XX W BROOKWOOD CT
2020-06-21,8,E DESERT BROOM WY/S DESERT FOOTHILLS PW
2020-06-21,16,27XX E SQUAW PEAK DR
2020-06-23,8,27XX E SQUAW PEAK DR
2020-06-24,19,11XX E CORAL GABLES DR
2020-06-27,10,49XX E MCDONALD DR
2020-06-28,13,106XX S CENTRAL AV
2020-06-28,18,109XX S CENTRAL AV
2020-06-30,19,N STETSON VALLEY PW/W STRAIGHT ARROW LN
2020-06-30,20,27XX E SQUAW PEAK DR
2020-07-03,11,27XX E SQUAW PEAK DR
2020-07-04,12,27XX E SQUAW PEAK DR
2020-07-04,13,27XX E SQUAW PEAK DR
2020-07-07,7,49XX E MCDONALD DR
2020-07-07,11,109XX S CENTRAL AV
2020-07-10,9,24XX E VALLEY VIEW DR
2020-07-12,10,27XX E SQUAW PEAK DR
2020-07-12,18,S 40TH PL/E SAN GABRIEL AV
2020-07-16,11,47XX E PIMA CANYON RD
2020-07-18,7,50XX W ANDREA LN
2020-07-20,17,158XX N 16TH ST
2020-07-22,5,27XX E SQUAW PEAK DR
2020-07-25,13,49XX E MCDONALD DR
2020-07-26,10,S 22ND ST/E ROCKLEDGE RD
2020-07-28,7,7XX E DESERT FOOTHILLS PW
2020-07-28,9,6XX N GALVIN PW
2020-07-29,20,106XX N 7TH ST
2020-07-29,21,47XX E PIMA CANYON RD
2020-08-04,19,7XX E MINERAL RD
2020-08-08,12,49XX E MCDONALD DR
2020-08-09,19,106XX N 7TH ST
2020-08-12,8,62XX E CHOLLA LN
2020-08-15,10,130XX S WARPAINT DR
2020-08-15,23,62XX E CHOLLA LN
2020-08-16,12,W PEDRAS GRANDES DR/S PHOENIX S MTN PAR
2020-08-17,19,27XX E SQUAW PEAK DR
2020-08-18,7,106XX N 7TH ST
2020-08-20,10,106XX N 7TH ST
2020-08-23,10,49XX E MCDONALD DR
2020-08-23,12,27XX E SQUAW PEAK DR
2020-08-24,6,105XX S 19TH AV
2020-08-27,14,49XX E MCDONALD DR
2020-08-28,18,60XX E MORELAND ST
2020-08-29,8,154XX S 19TH AV
2020-08-30,12,10XX N GALVIN PW
2020-08-30,15,49XX E MCDONALD DR
2020-09-02,6,S 19TH AV/W TELEGRAPH PASS RD
2020-09-05,7,106XX N 7TH ST
2020-09-05,9,49XX E MCDONALD DR
2020-09-05,9,24XX E VALLEY VIEW DR
2020-09-05,11,49XX E MCDONALD DR
2020-09-05,12,49XX E MCDONALD DR
2020-09-06,10,49XX E MCDONALD DR
2020-09-06,12,50XX W ANDREA LN
2020-09-06,16,79XX S 46TH ST
2020-09-07,6,43XX E PEARCE RD
2020-09-09,19,27XX E SQUAW PEAK DR
2020-09-10,15,16XX E SONORAN DESERT DR
2020-09-10,16,27XX E SQUAW PEAK DR
2020-09-12,7,154XX S 19TH AV
2020-09-14,19,49XX E MCDONALD DR
2020-09-15,19,49XX E MCDONALD DR
2020-09-20,9,10XX N GALVIN PW
2020-09-20,11,E EQUESTRIAN TL/E KACHINA DR
2020-09-20,12,49XX E MCDONALD DR
2020-09-21,11,16XX E SONORAN DESERT DR
2020-09-21,13,62XX E CHOLLA LN
2020-09-24,11,33XX E KACHINA DR
2020-09-24,11,E BUENA VISTA RD/S TV RD
2020-09-26,7,154XX S 19TH AV
2020-09-26,11,127XX S TV RD
2020-09-26,13,27XX E SQUAW PEAK DR
2020-09-26,14,47XX E PIMA CANYON RD
2020-09-27,8,10XX N GALVIN PW
2020-09-27,9,106XX N 7TH ST
2020-09-27,9,47XX E PIMA CANYON RD
2020-09-28,18,6XX N GALVIN PW
2020-09-29,6,E DESERT WILLOW DR/E RAY RD
2020-10-02,11,49XX E MCDONALD DR
2020-10-03,18,109XX S CENTRAL AV
2020-10-04,15,N 32ND ST/E PUGET AV
2020-10-05,15,106XX N 7TH ST
2020-10-08,6,106XX N 7TH ST
2020-10-08,11,154XX S 19TH AV
2020-10-09,9,N STETSON VALLEY PW/W STRAIGHT ARROW LN
2020-10-10,11,105XX S 19TH AV
2020-10-11,11,24XX E VALLEY VIEW DR
2020-10-14,14,7XX E DESERT FOOTHILLS PW
2020-10-16,7,47XX E PIMA CANYON RD
2020-10-16,9,47XX E PIMA CANYON RD
2020-10-18,15,49XX E MCDONALD DR
2020-10-19,12,49XX E MCDONALD DR
2020-10-27,17,N 40TH ST/E LONE MOUNTAIN RD
2020-10-29,18,7XX E DESERT FOOTHILLS PW
2020-10-29,18,105XX S 19TH AV
2020-10-29,18,49XX E MCDONALD DR
2020-10-30,13,109XX S CENTRAL AV
2020-11-04,22,27XX E SQUAW PEAK DR
2020-11-05,17,49XX E MCDONALD DR
2020-11-06,10,126XX S HONAHLEE CT
2020-11-07,10,27XX E SQUAW PEAK DR
2020-11-08,9,109XX S CENTRAL AV
2020-11-09,15,49XX E MCDONALD DR
2020-11-09,18,16XX E SONORAN DESERT DR
2020-11-11,17,10XX N GALVIN PW
2020-11-14,14,50XX W ANDREA LN
2020-11-15,12,N 32ND ST/E PUGET AV
2020-11-16,19,27XX E SQUAW PEAK DR
2020-11-17,10,104XX S CENTRAL AV
2020-11-18,11,60XX E MORELAND ST
2020-11-18,15,I17/W NEW RIVER RD
2020-11-19,16,105XX S 19TH AV
2020-11-19,17,47XX E PIMA CANYON RD
2020-11-20,10,49XX E MCDONALD DR
2020-11-21,7,130XX S WARPAINT DR
2020-11-23,8,49XX E MCDONALD DR
2020-11-24,10,N 15TH ST/E SUNNYSIDE DR
2020-11-25,12,N TATUM BL/E TOMAHAWK TL
2020-11-26,10,S CENTRAL AV/E MINERAL RD
2020-11-26,11,90XX N 40TH ST
2020-11-29,8,60XX E MCDOWELL RD
2020-12-05,9,24XX E VALLEY VIEW DR
2020-12-06,12,24XX E VALLEY VIEW DR
2020-12-07,18,49XX E MCDONALD DR
2020-12-08,17,60XX E MCDOWELL RD
2020-12-17,10,158XX N 16TH ST
2020-12-17,13,158XX N 16TH ST
2020-12-18,15,N 23RD ST/E GARDENIA DR
2020-12-19,12,10XX N GALVIN PW
2020-12-20,10,24XX E VALLEY VIEW DR
2020-12-20,17,47XX E PIMA CANYON RD
2020-12-24,14,N 32ND ST/E PUGET AV
2020-12-25,11,130XX S WARPAINT DR
2020-12-25,13,49XX E MCDONALD DR
2020-12-25,14,49XX E MCDONALD DR
2020-12-26,9,106XX N 7TH ST
2020-12-27,15,136XX N CAVE CREEK RD
2020-12-27,21,57XX N ECHO CANYON PW
2020-12-28,17,48XX E PIMA CANYON RD
2020-12-30,14,27XX E SQUAW PEAK DR
2021-01-01,17,106XX N 7TH ST
2021-01-02,10,24XX E VALLEY VIEW DR
2021-01-02,12,49XX E MCDONALD DR
2021-01-02,13,57XX N ECHO CANYON PW
2021-01-02,13,49XX E MCDONALD DR
2021-01-02,15,7XX E MINERAL RD
2021-01-02,17,24XX E VALLEY VIEW DR
2021-01-04,9,105XX S 19TH AV
2021-01-04,15,49XX E MCDONALD DR
2021-01-05,19,27XX E SQUAW PEAK DR
2021-01-06,10,129XX N 7TH ST
2021-01-06,15,6XX N GALVIN PW
2021-01-08,7,47XX E PIMA CANYON RD
2021-01-08,17,S 19TH AV/W TELEGRAPH PASS RD
2021-01-10,10,50XX W ANDREA LN
2021-01-12,10,49XX E MCDONALD DR
2021-01-12,18,105XX S 19TH AV
2021-01-13,17,104XX S CENTRAL AV
2021-01-15,20,27XX E SQUAW PEAK DR
2021-01-16,14,10XX N GALVIN PW
2021-01-16,15,S 43RD AV/W ESTRELLA DR
2021-01-17,11,N 34TH WY/E DUNLAP AV
2021-01-20,20,106XX N 7TH ST
2021-01-23,12,106XX N 7TH ST
2021-01-25,12,49XX E MCDONALD DR
2021-01-27,14,49XX E MCDONALD DR
2021-01-28,9,24XX E VALLEY VIEW DR
2021-01-29,17,62XX E CHOLLA LN
2021-01-30,9,49XX E MCDONALD DR
2021-01-30,16,49XX E MCDONALD DR
2021-01-31,17,24XX E NORTHERN AV
2021-02-02,10,49XX E MCDONALD DR
2021-02-05,12,27XX E SQUAW PEAK DR
2021-02-05,15,49XX E MCDONALD DR
2021-02-06,18,10XX N GALVIN PW
2021-02-09,13,57XX N ECHO CANYON PW
2021-02-12,11,49XX E MCDONALD DR
2021-02-12,13,92XX N 40TH ST
2021-02-19,10,40XX E WESTERN STAR BL
2021-02-19,11,24XX E VALLEY VIEW DR
2021-02-19,16,47XX E PIMA CANYON RD
2021-02-20,14,130XX N CENTRAL AV
2021-02-20,15,N 12TH ST/E CHOLLA ST
2021-02-21,14,60XX E MORELAND ST
2021-02-22,14,47XX E PIMA CANYON RD
2021-02-23,13,27XX E SQUAW PEAK DR
2021-02-25,9,6XX N GALVIN PW
2021-02-25,19,49XX E MCDONALD DR
2021-02-26,10,49XX E MCDONALD DR
2021-02-27,7,126XX N 17TH AV
2021-02-27,10,27XX E SQUAW PEAK DR
2021-02-27,12,47XX E PIMA CANYON RD
2021-02-27,17,49XX E MCDONALD DR
2021-02-28,15,49XX E MCDONALD DR
2021-03-02,17,158XX N 16TH ST
2021-03-03,10,N 7TH AV/W CAREFREE HW
2021-03-06,10,N 15TH AV/W YUCCA ST
2021-03-11,18,129XX N 7TH ST
2021-03-13,18,128XX S WARPAINT DR
2021-03-17,7,130XX N CENTRAL AV
2021-03-19,10,49XX E MCDONALD DR
2021-03-19,13,27XX E SQUAW PEAK DR
2021-03-19,18,16XX E SONORAN DESERT DR
2021-03-21,9,N 40TH ST/E DESERT FOREST TL
2021-03-21,14,130XX N CENTRAL AV
2021-03-27,17,E EQUESTRIAN TL/E KACHINA DR
2021-03-29,6,130XX S WARPAINT DR
2021-03-29,8,24XX E VALLEY VIEW DR
2021-03-29,20,154XX S 19TH AV
2021-03-31,9,49XX E MCDONALD DR
2021-03-31,18,27XX E PIESTEWA PEAK DR
2021-04-01,21,104XX S CENTRAL AV
2021-04-02,9,27XX E PIESTEWA PEAK DR
2021-04-02,11,S 20TH ST/E DOBBINS RD
2021-04-04,13,N 63RD DR/W PINNACLE PEAK RD
2021-04-05,7,49XX E MCDONALD DR
2021-04-05,9,60XX E MCDOWELL RD
2021-04-06,9,49XX E MCDONALD DR
2021-04-10,9,7XX W CAREFREE HW
2021-04-10,14,27XX E PIESTEWA PEAK DR
2021-04-11,13,10XX N GALVIN PW
2021-04-16,20,27XX E PIESTEWA PEAK DR
2021-04-17,11,49XX E MCDONALD DR
2021-04-17,12,49XX E MCDONALD DR
2021-04-18,9,49XX E MCDONALD DR
2021-04-21,16,110XX N 7TH AV
2021-04-21,16,49XX E MCDONALD DR
2021-04-24,10,27XX E PIESTEWA PEAK DR
2021-04-24,13,49XX E MCDONALD DR
2021-04-25,12,104XX S CENTRAL AV
2021-04-27,13,49XX E MCDONALD DR
2021-04-27,15,47XX E PIMA CANYON RD
2021-04-27,16,27XX E PIESTEWA PEAK DR
2021-05-01,8,158XX N 16TH ST
2021-05-02,8,10XX N GALVIN PW
2021-05-02,8,N CAVE CREEK RD/E CORTEZ ST
2021-05-07,11,47XX E PIMA CANYON RD
2021-05-08,8,90XX N 40TH ST
2021-05-08,15,24XX E VALLEY VIEW DR
2021-05-08,19,60XX E MCDOWELL RD
2021-05-09,6,N 36TH ST/E LINCOLN DR
2021-05-11,8,24XX E VALLEY VIEW DR
2021-05-14,12,50XX W ANDREA LN
2021-05-14,12,57XX N ECHO CANYON PW
2021-05-14,13,33XX E KACHINA DR
2021-05-15,5,32XX E LINCOLN DR
2021-05-19,14,27XX E PIESTEWA PEAK DR
2021-05-22,5,49XX E MCDONALD DR
2021-05-22,9,90XX N 40TH ST
2021-05-23,8,90XX N 40TH ST
2021-05-23,9,57XX N ECHO CANYON PW
2021-05-23,15,S 43RD AV/W ESTRELLA DR
2021-05-23,17,49XX E MCDONALD DR
2021-05-28,6,106XX N 7TH ST
2021-05-28,8,27XX E PIESTEWA PEAK DR
2021-05-29,6,49XX E MCDONALD DR
2021-05-31,8,48XX E PIMA CANYON RD
2021-05-31,13,49XX E MCDONALD DR
2021-06-01,7,49XX E MCDONALD DR
2021-06-04,13,49XX E MCDONALD DR
2021-06-06,9,106XX N 7TH ST
2021-06-08,6,49XX E MCDONALD DR
2021-06-13,10,49XX E MCDONALD DR
2021-06-13,15,49XX E MCDONALD DR
2021-06-16,10,49XX E MCDONALD DR
2021-06-16,13,49XX E MCDONALD DR
2021-06-16,17,27XX E PIESTEWA PEAK DR
2021-06-18,5,48XX E PIMA CANYON RD
2021-06-19,14,112XX S 27TH AV
2021-06-21,8,N CAVE CREEK RD/E YUCCA ST
2021-06-22,19,27XX E PIESTEWA PEAK DR
2021-06-23,6,27XX E PIESTEWA PEAK DR
2021-06-24,6,33XX E KACHINA DR
2021-06-25,21,54XX E VALLE VISTA RD
2021-06-29,7,49XX E MCDONALD DR
2021-07-01,15,49XX E MCDONALD DR
2021-07-02,13,57XX N ECHO CANYON PW
2021-07-04,10,49XX E MCDONALD DR
2021-07-07,9,27XX E PIESTEWA PEAK DR
2021-07-08,8,10XX N GALVIN PW
2021-07-08,14,49XX E MCDONALD DR
2021-07-10,10,N 14TH ST/E DOVE VALLEY RD
2021-07-10,13,47XX E PIMA CANYON RD
2021-07-10,16,106XX N 7TH ST
2021-07-11,14,49XX E MCDONALD DR
2021-07-12,9,104XX N 7TH AV
2021-07-15,11,27XX E PIESTEWA PEAK DR
2021-07-15,12,57XX N ECHO CANYON PW
2021-07-15,13,57XX N ECHO CANYON PW
2021-07-17,7,27XX E PIESTEWA PEAK DR
2021-07-17,10,129XX N 7TH ST
2021-07-17,14,49XX E MCDONALD DR
2021-07-18,6,47XX E PIMA CANYON RD
2021-07-19,8,27XX E PIESTEWA PEAK DR
2021-07-19,12,30XX W SAN JUAN RD
2021-07-19,14,N CENTRAL AV/E FOOTHILL DR
2021-07-19,17,130XX N CENTRAL AV
2021-07-22,12,N 19TH AV/W SUNNYSIDE DR
2021-07-24,13,127XX S TV RD
2021-07-24,16,49XX E MCDONALD DR
2021-07-26,12,27XX E PIESTEWA PEAK DR
2021-07-28,16,49XX E MCDONALD DR
2021-07-29,11,48XX E PIMA CANYON RD
2021-07-30,12,27XX E PIESTEWA PEAK DR
2021-07-30,13,49XX E MCDONALD DR
2021-08-01,9,27XX E PIESTEWA PEAK DR
2021-08-02,8,158XX N 16TH ST
2021-08-03,11,130XX N CENTRAL AV
2021-08-06,10,49XX E MCDONALD DR
2021-08-07,4,27XX E PIESTEWA PEAK DR
2021-08-07,6,106XX N 7TH ST
2021-08-08,9,16XX E SONORAN DESERT DR
2021-08-08,10,128XX S WARPAINT DR
2021-08-15,13,49XX E MCDONALD DR
2021-08-15,19,127XX S TV RD
2021-08-19,6,56XX E MCDOWELL RD
2021-08-21,9,N TATUM BL/E TOMAHAWK TL
2021-08-22,8,6XX N GALVIN PW
2021-08-25,7,49XX E MCDONALD DR
2021-08-27,10,16XX E SONORAN DESERT DR
2021-08-28,8,129XX N 7TH ST
2021-08-31,10,49XX E MCDONALD DR
2021-09-03,5,6XX N GALVIN PW
2021-09-05,9,49XX E MCDONALD DR
2021-09-05,10,N 7TH AV/W CAREFREE HW
2021-09-06,6,106XX N 7TH ST
2021-09-09,12,10XX N GALVIN PW
2021-09-12,12,47XX E PIMA CANYON RD
2021-09-15,15,49XX E MCDONALD DR
2021-09-18,18,60XX E MCDOWELL RD
2021-09-21,12,49XX E MCDONALD DR
2021-09-25,9,32XX E LINCOLN DR
2021-09-25,11,130XX S WARPAINT DR
2021-09-25,12,27XX E PIESTEWA PEAK DR
2021-09-28,21,104XX S CENTRAL AV
2021-09-29,18,49XX E MCDONALD DR
2021-10-02,7,106XX N 7TH ST
2021-10-02,10,128XX N CENTRAL AV
2021-10-03,13,6XX N GALVIN PW
2021-10-03,18,106XX N 7TH ST
2021-10-04,11,N GALVIN PW/E MCDOWELL RD
2021-10-04,12,49XX E MCDONALD DR
2021-10-06,12,50XX W ANDREA LN
2021-10-12,7,27XX E PIESTEWA PEAK DR
2021-10-14,9,7XX E DESERT FOOTHILLS PW
2021-10-15,12,48XX E PIMA CANYON RD
2021-10-15,13,27XX E PIESTEWA PEAK DR
2021-10-16,10,47XX E PIMA CANYON RD
2021-10-17,15,144XX N 18TH ST
2021-10-18,22,27XX E PIESTEWA PEAK DR
2021-10-19,14,46XX E FRANCISCO DR
2021-10-20,13,27XX E PIESTEWA PEAK DR
2021-10-24,10,7XX E MINERAL RD
2021-10-24,18,27XX E PIESTEWA PEAK DR
2021-10-25,10,60XX E MORELAND ST
2021-10-31,10,49XX E MCDONALD DR
2021-10-31,17,49XX E MCDONALD DR
2021-10-31,18,32XX E LINCOLN DR
2021-11-06,9,47XX E PIMA CANYON RD
2021-11-12,13,49XX E MCDONALD DR
2021-11-16,10,27XX E PIESTEWA PEAK DR
2021-11-17,8,27XX E PIESTEWA PEAK DR
2021-11-23,15,27XX E PIESTEWA PEAK DR
2021-11-24,12,27XX E PIESTEWA PEAK DR
2021-11-26,10,37XX E PIESTEWA PEAK DR
2021-11-27,7,49XX E MCDONALD DR
2021-11-27,10,7XX E MINERAL RD
2021-11-27,13,49XX E MCDONALD DR
2021-11-30,15,49XX E MCDONALD DR
2021-12-01,18,N 32ND ST/E LINCOLN DR
2021-12-08,14,49XX E MCDONALD DR
2021-12-11,17,49XX E MCDONALD DR
2021-12-12,10,32XX E LINCOLN DR
2021-12-12,13,109XX S CENTRAL AV
2021-12-12,15,16XX E SONORAN DESERT DR
2021-12-18,9,49XX E MCDONALD DR
2021-12-20,10,27XX E PIESTEWA PEAK DR
2021-12-26,13,N 10TH ST/E DOVE VALLEY RD
2021-12-28,13,106XX N 7TH ST
2021-12-30,13,47XX E PIMA CANYON RD
2022-01-04,11,108XX N 7TH AV
2022-01-04,13,24XX E VALLEY VIEW DR
2022-01-06,16,130XX N CENTRAL AV
2022-01-08,10,49XX E MCDONALD DR
2022-01-09,9,27XX E PIESTEWA PEAK DR
2022-01-10,16,W DOVE VALLEY RD/N PALOMA PW
2022-01-11,12,154XX S 19TH AV
2022-01-15,17,24XX E VALLEY VIEW DR
2022-01-15,18,49XX W TONOPAH DR
2022-01-19,15,49XX E MCDONALD DR
2022-01-19,16,20XX E ROSE GARDEN LN
2022-01-20,13,7XX E MINERAL RD
2022-01-23,12,16XX E SONORAN DESERT DR
2022-01-24,14,79XX S 46TH ST
2022-01-29,11,49XX E MCDONALD DR
2022-01-29,12,49XX E MCDONALD DR
2022-01-29,13,7XX E DESERT FOOTHILLS PW
2022-01-29,16,60XX E MCDOWELL RD
2022-01-29,17,90XX N 40TH ST
2022-01-30,16,127XX S TV RD
2022-02-03,16,10XX N GALVIN PW
2022-02-05,12,6XX N GALVIN PW
2022-02-06,9,32XX E LINCOLN DR
2022-02-06,9,109XX S CENTRAL AV
2022-02-07,11,N 19TH AV/W VIA CABALLO BLANCO
2022-02-08,14,N CAVE CREEK RD/E SONORAN DESERT DR
2022-02-08,15,27XX E PIESTEWA PEAK DR
2022-02-14,9,27XX E PIESTEWA PEAK DR
2022-02-17,17,48XX E PIMA CANYON RD
2022-02-18,11,24XX E VALLEY VIEW DR
2022-02-19,12,27XX E PIESTEWA PEAK DR
2022-02-19,15,E CACTUS RD/N CAVE CREEK RD
2022-02-21,14,6XX N GALVIN PW
2022-02-22,16,32XX E LINCOLN DR
2022-02-28,10,24XX E VALLEY VIEW DR
2022-03-01,17,47XX E PIMA CANYON RD
2022-03-02,11,24XX E VALLEY VIEW DR
2022-03-04,11,S 27TH AV/W SHAUGHNESSEY RD
2022-03-05,18,57XX N ECHO CANYON PW
2022-03-06,10,49XX E MCDONALD DR
2022-03-09,15,49XX E MCDONALD DR
2022-03-15,13,106XX N 7TH ST
2022-03-16,11,16XX E SONORAN DESERT DR
2022-03-18,10,16XX E SONORAN DESERT DR
2022-03-18,15,107XX N 7TH AV
2022-03-19,11,E BUENA VISTA RD/S TV RD
2022-03-20,12,27XX E PIESTEWA PEAK DR
2022-03-20,15,49XX E MCDONALD DR
2022-03-22,11,S 40TH PL/E WESTERN STAR BL
2022-03-24,12,98XX N 7TH AV
2022-03-24,19,49XX E MCDONALD DR
2022-03-26,13,27XX E PIESTEWA PEAK DR
2022-03-27,10,27XX E PIESTEWA PEAK DR
2022-03-27,10,24XX E NORTHERN AV
2022-03-27,12,130XX S WARPAINT DR
2022-03-29,14,49XX E MCDONALD DR
2022-03-31,7,27XX E PIESTEWA PEAK DR
2022-04-01,18,S CENTRAL AV/W LAS RAMADAS DR
2022-04-02,12,84XX S 24TH ST
2022-04-02,14,47XX E PIMA CANYON RD
2022-04-02,15,90XX N 40TH ST
2022-04-03,18,10XX N GALVIN PW
2022-04-04,11,79XX S 46TH ST
2022-04-05,10,60XX E MCDOWELL RD
2022-04-07,10,N 38TH ST/E DUNLAP AV
2022-04-08,8,49XX E MCDONALD DR
2022-04-08,11,N 38TH ST/E DUNLAP AV
2022-04-09,11,60XX E MORELAND ST
2022-04-11,9,130XX N CENTRAL AV
2022-04-11,11,49XX E MCDONALD DR
2022-04-11,18,49XX E MCDONALD DR
2022-04-13,18,24XX E NORTHERN AV
2022-04-14,20,27XX E PIESTEWA PEAK DR
2022-04-16,11,49XX E MCDONALD DR
2022-04-17,11,127XX S TV RD
2022-04-17,13,10XX N GALVIN PW
2022-04-18,12,92XX N 40TH ST
2022-04-20,8,57XX N ECHO CANYON PW
2022-04-22,14,27XX E PIESTEWA PEAK DR
2022-04-23,10,60XX E MORELAND ST
2022-04-24,18,32XX E LINCOLN DR
2022-04-25,8,E WALATOWA ST/S WARNER ELLIOT LP
2022-04-28,10,49XX E MCDONALD DR
2022-04-29,14,49XX E MCDONALD DR
2022-05-01,7,129XX N 7TH ST
2022-05-04,14,47XX E PIMA CANYON RD
2022-05-05,8,47XX E PIMA CANYON RD
2022-05-07,16,49XX E MCDONALD DR
2022-05-08,9,50XX W ANDREA LN
2022-05-09,8,24XX E VALLEY VIEW DR
2022-05-14,9,49XX E MCDONALD DR
2022-05-15,14,27XX E PIESTEWA PEAK DR
2022-05-19,10,49XX E MCDONALD DR
2022-05-20,13,49XX E MCDONALD DR
2022-05-21,8,106XX N 7TH ST
2022-05-22,11,129XX N 7TH ST
2022-05-26,11,49XX E MCDONALD DR
2022-05-27,20,259XX N 49TH LN
2022-05-30,8,49XX E MCDONALD DR
2022-05-31,7,212XX N 17TH PL
2022-06-04,8,110XX N 7TH AV
2022-06-05,14,49XX E MCDONALD DR
2022-06-06,14,49XX E MCDONALD DR
2022-06-08,6,47XX E PIMA CANYON RD
2022-06-09,10,49XX E MCDONALD DR
2022-06-10,11,N 40TH ST/E SHEA BL
2022-06-17,13,49XX E MCDONALD DR
2022-06-18,7,E CHOLLA LN/E DUNLAP AV
2022-06-19,11,49XX E MCDONALD DR
2022-06-22,20,7XX E MINERAL RD
2022-06-23,11,49XX E MCDONALD DR
2022-06-23,12,109XX S CENTRAL AV
2022-06-24,7,27XX E PIESTEWA PEAK DR
2022-07-02,13,S SUMMIT RD/S TELEGRAPH PASS RD
2022-07-02,15,49XX E MCDONALD DR
2022-07-04,7,27XX E PIESTEWA PEAK DR
2022-07-04,19,130XX N CENTRAL AV
2022-07-09,7,106XX N 7TH ST
2022-07-09,12,7XX E MINERAL RD
2022-07-10,12,27XX E PIESTEWA PEAK DR
2022-07-11,0,7XX E MINERAL RD
2022-07-14,11,27XX E PIESTEWA PEAK DR
2022-07-15,11,49XX E MCDONALD DR
2022-07-16,8,47XX E PIMA CANYON RD
2022-07-18,6,27XX E PIESTEWA PEAK DR
2022-07-18,9,40XX E SAN GABRIEL AV
2022-07-22,19,49XX E MCDONALD DR
2022-07-26,8,N 7TH AV/W PEORIA AV
2022-07-26,21,136XX N CAVE CREEK RD
2022-07-27,9,27XX E PIESTEWA PEAK DR
2022-07-29,15,7XX E MINERAL RD
2022-07-30,13,49XX E MCDONALD DR
2022-07-30,13,49XX E MCDONALD DR
2022-07-30,15,S 31ST WY/E CALDWELL ST
2022-07-30,18,130XX N CENTRAL AV
2022-07-31,9,N PALOMA PW/W SONORAN DESERT DR
2022-08-03,9,49XX E MCDONALD DR
2022-08-04,17,10XX N GALVIN PW
2022-08-06,10,27XX E PIESTEWA PEAK DR
2022-08-07,10,69XX N 36TH ST
2022-08-08,12,27XX E PIESTEWA PEAK DR
2022-08-09,19,33XX E KACHINA DR
2022-08-13,10,24XX E VALLEY VIEW DR
2022-08-13,16,49XX E MCDONALD DR
2022-08-14,18,106XX N 7TH ST
2022-08-15,9,49XX E MCDONALD DR
2022-08-20,15,27XX E PIESTEWA PEAK DR
2022-08-21,8,104XX S CENTRAL AV
2022-08-22,20,49XX E MCDONALD DR
2022-08-23,14,49XX E MCDONALD DR
2022-08-24,18,27XX E PIESTEWA PEAK DR
2022-08-24,19,47XX E PIMA CANYON RD
2022-08-25,8,27XX E PIESTEWA PEAK DR
2022-08-25,11,49XX E MCDONALD DR
2022-08-26,11,49XX E MCDONALD DR
2022-08-28,6,S 43RD CT/E OLNEY DR
2022-08-28,9,110XX N 7TH AV
2022-08-28,12,47XX E PIMA CANYON RD
2022-08-29,10,49XX E MCDONALD DR
2022-09-01,6,49XX E MCDONALD DR
2022-09-02,12,47XX E PIMA CANYON RD
2022-09-04,13,20XX E JOMAX RD
2022-09-05,16,N 39TH DR/W ORAIBI DR
2022-09-10,9,220XX N 43RD AV
2022-09-11,17,N 7TH LN/W BONANZA LN
2022-09-15,18,S RAMADAS CI/S STEPHEN MATHER DR
2022-09-18,1,109XX S CENTRAL AV
2022-09-18,18,154XX S 19TH AV
2022-09-19,11,49XX E MCDONALD DR
2022-09-22,18,27XX E PIESTEWA PEAK DR
2022-09-23,8,27XX E PIESTEWA PEAK DR
2022-09-23,10,57XX N ECHO CANYON PW
2022-09-24,10,27XX E PIESTEWA PEAK DR
2022-09-24,11,48XX E PIMA CANYON RD
2022-09-24,13,16XX E SONORAN DESERT DR
2022-09-25,11,32XX E LINCOLN DR
2022-09-30,13,130XX S WARPAINT DR
2022-10-02,6,154XX S 19TH AV
2022-10-03,9,51XX N INVERGORDON RD
2022-10-04,20,110XX N 7TH AV
2022-10-06,9,32XX E LINCOLN DR
2022-10-07,13,51XX N INVERGORDON RD
2022-10-11,11,49XX E MCDONALD DR
2022-10-15,8,45XX E PIMA CANYON RD
2022-10-22,16,S 47TH LN/W ELLIOT RD
2022-10-22,18,130XX S WARPAINT DR
2022-10-23,8,6XX N GALVIN PW
2022-10-23,12,51XX N INVERGORDON RD
2022-10-25,18,49XX E MCDONALD DR
2022-10-29,15,N CAVE CREEK RD/E CORTEZ ST
2022-10-30,16,154XX S 19TH AV
2022-10-31,10,S 32ND ST/E CALDWELL ST
2022-10-31,17,27XX E PIESTEWA PEAK DR
2022-11-04,12,24XX E VALLEY VIEW DR
2022-11-05,14,49XX E MCDONALD DR
2022-11-05,17,6XX N GALVIN PW
2022-11-05,18,27XX E PIESTEWA PEAK DR
2022-11-07,10,7XX W CAREFREE HW
2022-11-07,15,92XX N 40TH ST
2022-11-09,19,109XX S CENTRAL AV
2022-11-11,7,51XX N INVERGORDON RD
2022-11-12,10,24XX E VALLEY VIEW DR
2022-11-13,14,27XX E PIESTEWA PEAK DR
2022-11-13,18,130XX S WARPAINT DR
2022-11-14,16,N 28TH ST/E THUNDERBIRD RD
2022-11-15,13,90XX N 40TH ST
2022-11-16,9,N 36TH ST/E LINCOLN DR
2022-11-16,11,7XX E MINERAL RD
2022-11-19,14,N 22ND ST/E BELMONT AV
2022-11-19,18,60XX E MCDOWELL RD
2022-11-21,13,49XX E MCDONALD DR
2022-11-21,15,104XX N 7TH AV
2022-11-22,12,130XX S WARPAINT DR
2022-11-23,12,49XX E MCDONALD DR
2022-11-27,11,110XX N 7TH AV
2022-11-28,16,49XX E MCDONALD DR
2022-11-29,18,49XX E MCDONALD DR
2022-11-30,14,6XX N GALVIN PW
2022-11-30,16,60XX E MCDOWELL RD
2022-12-06,14,51XX N INVERGORDON RD
2022-12-06,18,31XX E ELWOOD ST
2022-12-07,19,50XX W ANDREA LN
2022-12-07,19,47XX E PIMA CANYON RD
2022-12-08,18,49XX E MCDONALD DR
2022-12-11,14,49XX E MCDONALD DR
2022-12-20,10,16XX E SONORAN DESERT DR
2022-12-22,11,57XX N ECHO CANYON PW
2022-12-22,18,49XX E MCDONALD DR
2022-12-24,13,51XX N INVERGORDON RD
2022-12-26,16,49XX E MCDONALD DR
2022-12-30,15,92XX N 40TH ST
2022-12-31,7,104XX S CENTRAL AV
2023-01-07,13,13XX E RUTH AV
2023-01-08,19,7XX E MINERAL RD
2023-01-09,14,27XX E PIESTEWA PEAK DR
2023-01-09,20,7XX E MINERAL RD
2023-01-12,10,90XX N 40TH ST
2023-01-12,10,27XX E PIESTEWA PEAK DR
2023-01-12,15,10XX N GALVIN PW
2023-01-13,9,16XX E SONORAN DESERT DR
2023-01-13,13,51XX N INVERGORDON RD
2023-01-13,14,49XX E MCDONALD DR
2023-01-13,15,27XX E PIESTEWA PEAK DR
2023-01-21,10,106XX N 7TH ST
2023-01-24,16,90XX N 40TH ST
2023-01-25,11,49XX E MCDONALD DR
2023-01-25,13,27XX E PIESTEWA PEAK DR
2023-01-25,14,130XX S WARPAINT DR
2023-01-27,9,60XX E MCDOWELL RD
2023-01-27,11,51XX N INVERGORDON RD
2023-01-28,9,106XX N 7TH ST
2023-01-31,13,129XX N 7TH ST
2023-01-31,14,S 19TH ST/E DOBBINS RD
2023-02-01,16,49XX E MCDONALD DR
2023-02-02,15,27XX E PIESTEWA PEAK DR
2023-02-02,17,105XX S 19TH AV
2023-02-02,17,S 19TH AV/W CHANDLER BL
2023-02-02,17,27XX E PIESTEWA PEAK DR
2023-02-02,20,106XX N 7TH ST
2023-02-03,12,N 60TH LN/W RUNNING DEER TL
2023-02-04,12,24XX E NORTHERN AV
2023-02-04,12,27XX E PIESTEWA PEAK DR
2023-02-05,12,110XX N 7TH AV
2023-02-08,15,51XX N INVERGORDON RD
2023-02-10,18,49XX E MCDONALD DR
2023-02-11,10,16XX E SONORAN DESERT DR
2023-02-12,11,N 40TH ST/E MISSION LN
2023-02-16,7,N 7TH AV/W SAHUARO DR
2023-02-17,12,6XX N GALVIN PW
2023-02-17,17,49XX E MCDONALD DR
2023-02-18,13,49XX E MCDONALD DR
2023-02-24,11,N 7TH ST/E SONORAN DESERT DR
2023-02-24,11,47XX E PIMA CANYON RD
2023-02-24,12,60XX E MORELAND ST
2023-02-25,16,10XX N GALVIN PW
2023-02-26,7,154XX S 19TH AV
2023-03-05,19,27XX E PIESTEWA PEAK DR
2023-03-10,11,47XX E PIMA CANYON RD
2023-03-10,12,24XX E VALLEY VIEW DR
2023-03-11,10,49XX E MCDONALD DR
2023-03-12,10,47XX E PIMA CANYON RD
2023-03-13,10,51XX N INVERGORDON RD
2023-03-19,19,60XX E MCDOWELL RD
2023-03-20,15,49XX E MCDONALD DR
2023-03-21,11,27XX E PIESTEWA PEAK DR
2023-03-23,12,S 40TH PL/E WESTERN STAR BL
2023-03-23,13,19XX W CHIMNEY ROCK RD
2023-03-23,13,19XX W CHIMNEY ROCK RD
2023-03-25,13,105XX S 19TH AV
2023-03-25,18,49XX E MCDONALD DR
2023-03-26,12,7XX E DESERT FOOTHILLS PW
2023-03-29,19,27XX E PIESTEWA PEAK DR
2023-03-30,19,27XX E PIESTEWA PEAK DR
2023-04-01,9,106XX N 7TH ST
2023-04-01,10,80XX S 42ND PL
2023-04-01,23,106XX N 7TH ST
2023-04-02,8,42XX E DESERT VIEW DR
2023-04-02,9,158XX N 16TH ST
2023-04-02,15,354XX N 32ND DR
2023-04-05,11,27XX E PIESTEWA PEAK DR
2023-04-08,11,24XX E VALLEY VIEW DR
2023-04-09,11,S 32ND ST/E CALDWELL ST
2023-04-13,9,27XX E PIESTEWA PEAK DR
2023-04-13,15,57XX N ECHO CANYON PW
2023-04-15,15,16XX E SONORAN DESERT DR
2023-04-16,12,16XX E SONORAN DESERT DR
2023-04-18,8,104XX S CENTRAL AV
2023-04-22,9,51XX N INVERGORDON RD
2023-04-22,11,49XX E MCDONALD DR
2023-04-24,8,24XX E VALLEY VIEW DR
2023-04-28,14,24XX E NORTHERN AV
2023-04-29,9,80XX S 42ND PL
2023-04-29,9,108XX S SUMMIT RD
2023-05-01,10,106XX N 7TH ST
2023-05-04,9,40XX E WESTERN STAR BL
2023-05-06,10,49XX E MCDONALD DR
2023-05-09,19,27XX E PIESTEWA PEAK DR
2023-05-10,16,51XX N INVERGORDON RD
2023-05-13,7,24XX E VALLEY VIEW DR
2023-05-15,14,49XX E MCDONALD DR
2023-05-16,13,47XX E PIMA CANYON RD
2023-05-20,7,106XX N 7TH ST
2023-05-20,7,57XX N ECHO CANYON PW
2023-05-20,13,57XX N ECHO CANYON PW
2023-05-22,7,80XX S 46TH ST
2023-05-23,11,39XX E PIESTEWA PEAK DR
2023-05-25,11,60XX E MCDOWELL RD
2023-05-30,15,79XX S 46TH ST
2023-05-31,10,127XX S TV RD
2023-05-31,21,57XX N ECHO CANYON PW
2023-06-01,13,109XX S CENTRAL AV
2023-06-04,12,6XX N GALVIN PW
2023-06-05,7,49XX E MCDONALD DR
2023-06-09,15,106XX N 7TH ST
2023-06-10,7,129XX N 7TH ST
2023-06-12,18,N STETSON VALLEY PW/W STRAIGHT ARROW LN
2023-06-14,15,49XX E MCDONALD DR
2023-06-20,12,47XX E PIMA CANYON RD
2023-06-26,11,49XX E MCDONALD DR
2023-06-27,15,N 22ND ST/E BELMONT AV
2023-06-28,6,7XX E DESERT FOOTHILLS PW
2023-07-01,9,106XX N 7TH ST
2023-07-01,12,49XX E MCDONALD DR
2023-07-04,9,50XX W ANDREA LN
2023-07-04,13,130XX N CENTRAL AV
2023-07-04,23,130XX N CENTRAL AV
2023-07-06,18,N STETSON VALLEY PW/W STRAIGHT ARROW LN
2023-07-13,17,24XX E VALLEY VIEW DR
2023-07-15,14,116XX N CAVE CREEK RD
2023-07-17,15,51XX N INVERGORDON RD
2023-07-20,20,N 16TH ST/E DEER VALLEY RD
2023-07-21,5,10XX N GALVIN PW
2023-07-21,12,6XX N GALVIN PW
2023-07-22,23,27XX E PIESTEWA PEAK DR
2023-07-25,13,57XX N ECHO CANYON PW
2023-07-31,5,27XX E PIESTEWA PEAK DR
2023-08-01,5,47XX E PIMA CANYON RD
2023-08-03,11,109XX S LOS LOMITAS DR
2023-08-04,8,24XX E VALLEY VIEW DR
2023-08-04,11,130XX N CENTRAL AV
2023-08-04,12,50XX W ANDREA LN
2023-08-04,18,50XX W ANDREA LN
2023-08-09,11,27XX E PIESTEWA PEAK DR
2023-08-12,11,N 22ND ST/E BELMONT AV
2023-08-13,11,49XX E MCDONALD DR
2023-08-13,13,49XX E MCDONALD DR
2023-08-14,19,10XX N GALVIN PW
2023-08-21,19,104XX S CENTRAL AV
2023-08-25,13,49XX E MCDONALD DR
2023-08-26,10,106XX N 7TH ST
2023-08-30,4,106XX N 7TH ST
2023-08-31,9,N 12TH ST/E CORAL GABLES DR
2023-08-31,11,N 14TH ST/E DOVE VALLEY RD
2023-09-02,6,118XX S MONTEZUMA CT
2023-09-03,12,50XX W ANDREA LN
2023-09-04,9,7XX E DESERT FOOTHILLS PW
2023-09-05,7,280XX N 15TH LN
2023-09-05,12,49XX E MCDONALD DR
2023-09-05,12,50XX W ANDREA LN
2023-09-05,18,106XX N 7TH ST
2023-09-06,11,57XX N ECHO CANYON PW
2023-09-10,12,109XX S CENTRAL AV
2023-09-10,19,106XX N 7TH ST
2023-09-11,10,51XX N INVERGORDON RD
2023-09-13,20,32XX E LINCOLN DR
2023-09-22,9,7XX W CAREFREE HW
2023-09-23,8,51XX N INVERGORDON RD
2023-09-24,20,49XX E MCDONALD DR
2023-09-30,10,109XX S CENTRAL AV
2023-10-02,8,49XX E MCDONALD DR
2023-10-02,13,24XX E NORTHERN AV
2023-10-03,12,10XX N GALVIN PW
2023-10-05,12,49XX E MCDONALD DR
2023-10-08,9,27XX E PIESTEWA PEAK DR
2023-10-13,14,109XX S CENTRAL AV
2023-10-13,18,S 24TH ST/E VALLEY VIEW DR
2023-10-15,18,46XX E FRANCISCO DR
2023-10-20,8,49XX E MCDONALD DR
2023-10-20,12,49XX E MCDONALD DR
2023-10-20,18,N 51ST AV/W TONOPAH DR
2023-10-26,19,27XX E PIESTEWA PEAK DR
2023-10-27,19,27XX E PIESTEWA PEAK DR
2023-10-28,8,49XX E MCDONALD DR
2023-11-03,14,60XX E MORELAND ST
2023-11-04,15,51XX N INVERGORDON RD
2023-11-05,10,275XX N 39TH AV
2023-11-10,9,S 21ST ST/E BETH DR
2023-11-11,7,27XX E PIESTEWA PEAK DR
2023-11-11,17,32XX E LINCOLN DR
2023-11-12,10,27XX E PIESTEWA PEAK DR
2023-11-13,13,433XX N NEW RIVER RD
2023-11-18,20,27XX E PIESTEWA PEAK DR
2023-11-19,12,49XX E MCDONALD DR
2023-11-23,13,51XX N INVERGORDON RD
2023-11-24,9,47XX E PIMA CANYON RD
2023-11-24,14,49XX E MCDONALD DR
2023-11-25,11,19XX W DESERT VISTA TL
2023-11-30,17,19XX E PARKSIDE LN
2023-12-02,9,49XX E MCDONALD DR
2023-12-02,10,158XX N 16TH ST
2023-12-02,11,22XX W DOBBINS RD
2023-12-04,16,144XX N 18TH ST
2023-12-06,2,60XX E CAMELBACK RD
2023-12-06,9,80XX S 42ND PL
2023-12-09,8,51XX N INVERGORDON RD
2023-12-09,11,24XX E VALLEY VIEW DR
2023-12-10,9,49XX E MCDONALD DR
2023-12-16,10,60XX E MCDOWELL RD
2023-12-17,15,49XX E MCDONALD DR
2023-12-21,15,27XX E PIESTEWA PEAK DR
2023-12-23,10,49XX E MCDONALD DR
2024-01-12,13,49XX E MCDONALD DR
2024-01-13,10,6XX N GALVIN PW
2024-01-13,14,47XX E PIMA CANYON RD
2024-01-13,15,45XX E PIMA CANYON RD
2024-01-14,16,49XX E MCDONALD DR
2024-01-16,11,154XX S 19TH AV
2024-01-20,12,6XX N GALVIN PW
2024-01-20,15,130XX N CENTRAL AV
2024-01-21,10,49XX E MCDONALD DR
2024-01-22,12,27XX E PIESTEWA PEAK DR
2024-01-25,7,51XX N INVERGORDON RD
2024-01-25,15,129XX N 7TH ST
2024-01-27,14,49XX E MCDONALD DR
2024-01-29,9,24XX E VALLEY VIEW DR
2024-01-31,7,130XX N CENTRAL AV
2024-02-01,14,47XX E PIMA CANYON RD
2024-02-04,16,104XX S CENTRAL AV
2024-02-06,9,154XX S 19TH AV
2024-02-09,13,27XX E PIESTEWA PEAK DR
2024-02-09,17,W BROOKWOOD CT/W MORGAN IVY LN
2024-02-10,10,106XX N 7TH ST
2024-02-10,14,6XX N GALVIN PW
2024-02-13,18,10XX N GALVIN PW
2024-02-17,10,127XX S TV RD
2024-02-17,12,49XX E MCDONALD DR
2024-02-18,14,27XX E PIESTEWA PEAK DR
2024-02-19,14,79XX S 46TH ST
2024-02-19,16,127XX S TV RD
2024-02-20,14,49XX E MCDONALD DR
2024-02-21,12,49XX E MCDONALD DR
2024-02-24,9,49XX E MCDONALD DR
2024-02-26,14,10XX N GALVIN PW
2024-02-27,8,S 24TH PL/E ROCK WREN RD
2024-02-28,16,49XX E MCDONALD DR
2024-02-28,16,79XX S 46TH ST
2024-03-02,18,44XX E PIMA CANYON RD
2024-03-03,16,192XX N 16TH ST
2024-03-05,12,6XX N GALVIN PW
2024-03-05,13,N 21ST ST/E LONE CACTUS DR
2024-03-06,13,49XX E MCDONALD DR
2024-03-06,13,104XX S CENTRAL AV
2024-03-09,11,130XX S WARPAINT DR
2024-03-09,11,6XX N GALVIN PW
2024-03-10,12,N 14TH ST/E GOLDEN LN
2024-03-16,13,49XX E MCDONALD DR
2024-03-16,15,60XX E MORELAND ST
2024-03-16,19,154XX S 19TH AV
2024-03-17,12,10XX N GALVIN PW
2024-03-17,16,158XX N 16TH ST
2024-03-19,7,49XX E MCDONALD DR
2024-03-20,10,47XX E PIMA CANYON RD
2024-03-20,18,N 3RD ST/E MOUNTAIN VIEW RD
2024-03-21,11,158XX N 16TH ST
2024-03-21,12,49XX E MCDONALD DR
2024-03-21,14,51XX N INVERGORDON RD
2024-03-21,16,47XX E PIMA CANYON RD
2024-03-25,11,49XX E MCDONALD DR
2024-03-26,14,49XX E MCDONALD DR
2024-03-27,12,19XX W DESERT VISTA TL
2024-03-28,18,106XX N 7TH ST
2024-04-02,8,32XX E LINCOLN DR
2024-04-08,13,104XX S CENTRAL AV
2024-04-10,16,20XX E ROSE GARDEN LN
2024-04-12,10,106XX N 7TH ST
2024-04-13,11,129XX N 7TH ST
2024-04-14,9,16XX E SONORAN DESERT DR
2024-04-14,10,79XX S 46TH ST
2024-04-18,11,49XX E MCDONALD DR
2024-04-19,15,33XX E KACHINA DR
2024-04-19,21,102XX S CENTRAL AV
2024-04-21,9,N 7TH ST/E DOVE VALLEY RD
2024-04-23,7,51XX N INVERGORDON RD
2024-04-23,13,106XX N 7TH ST
2024-04-24,6,57XX N ECHO CANYON PW
2024-04-24,13,57XX N ECHO CANYON PW
2024-04-25,22,N 12TH ST/E CORAL GABLES DR
2024-04-26,10,27XX E PIESTEWA PEAK DR
2024-04-26,10,51XX N INVERGORDON RD
2024-04-27,14,48XX E PIMA CANYON RD
2024-04-28,8,7XX E DESERT FOOTHILLS PW
2024-04-28,10,16XX E SONORAN DESERT DR
2024-04-28,11,S 40TH PL/E SAN GABRIEL AV
2024-04-28,15,51XX N INVERGORDON RD
2024-05-03,9,24XX E NORTHERN AV
2024-05-03,11,51XX N INVERGORDON RD
2024-05-04,9,7XX E DESERT FOOTHILLS PW
2024-05-05,10,49XX E MCDONALD DR
2024-05-07,19,27XX E PIESTEWA PEAK DR
2024-05-08,10,49XX E MCDONALD DR
2024-05-10,8,47XX E PIMA CANYON RD
2024-05-11,11,49XX E MCDONALD DR
2024-05-11,18,100XX S CENTRAL AV
2024-05-12,7,51XX N INVERGORDON RD
2024-05-12,8,51XX N INVERGORDON RD
2024-05-17,11,49XX E MCDONALD DR
2024-05-18,11,51XX N INVERGORDON RD
2024-05-18,12,24XX E VALLEY VIEW DR
2024-05-19,11,A51/E NORTHERN AV SB OF
2024-05-20,8,47XX E PIMA CANYON RD
2024-05-21,10,33XX E KACHINA DR
2024-05-24,13,136XX N CAVE CREEK RD
2024-05-26,11,10XX N GALVIN PW
2024-05-26,12,49XX E MCDONALD DR
2024-05-27,23,132XX N JOAN DE ARC AV
2024-05-28,19,60XX E MORELAND ST
2024-05-29,1,27XX E PIESTEWA PEAK DR
2024-05-31,7,80XX S 42ND PL
2024-06-01,9,49XX E MCDONALD DR
2024-06-01,11,49XX E MCDONALD DR
2024-06-02,10,49XX E MCDONALD DR
2024-06-07,10,51XX N INVERGORDON RD
2024-06-08,10,79XX S 46TH ST
2024-06-10,13,27XX E PIESTEWA PEAK DR
2024-06-15,6,N 32ND ST/E PUGET AV
2024-06-18,12,24XX E VALLEY VIEW DR
2024-06-18,16,10XX N GALVIN PW
2024-06-18,19,47XX E PIMA CANYON RD
2024-06-19,6,24XX E VALLEY VIEW DR
2024-06-21,9,110XX N 7TH AV
2024-06-26,19,10XX N GALVIN PW
2024-06-27,13,51XX N INVERGORDON RD
2024-06-30,6,24XX E NORTHERN AV
2024-07-02,13,N STETSON VALLEY PW/W STRAIGHT ARROW LN
2024-07-02,13,24XX E VALLEY VIEW DR
2024-07-06,8,105XX S 19TH AV
2024-07-06,16,24XX E VALLEY VIEW DR
2024-07-07,14,130XX N CENTRAL AV
2024-07-09,9,51XX N INVERGORDON RD
2024-07-12,20,47XX E PIMA CANYON RD
2024-07-14,6,N 32ND ST/E PUGET AV
2024-07-14,7,109XX S CENTRAL AV
2024-07-15,6,108XX N 10TH DR
2024-07-16,7,80XX S 42ND PL
2024-07-19,11,49XX E MCDONALD DR
2024-07-27,8,19XX W DESERT VISTA TL
2024-07-27,8,33XX E KACHINA DR
2024-07-31,14,N 17TH WY/E MONTOYA LN
2024-08-04,8,50XX W ANDREA LN
2024-08-05,9,27XX E PIESTEWA PEAK DR
2024-08-09,20,154XX S 19TH AV
2024-08-09,20,N 51ST AV A303
2024-08-10,10,49XX E MCDONALD DR
2024-08-13,8,N 16TH ST/E DEER VALLEY RD
2024-08-13,15,13XX W DOVE VALLEY RD
2024-08-15,19,106XX N 7TH ST
2024-08-17,10,130XX S WARPAINT DR
2024-08-18,16,105XX S 19TH AV
2024-08-21,11,49XX E MCDONALD DR
2024-08-27,19,129XX N 7TH ST
2024-08-29,7,N 32ND ST/E PUGET AV
2024-08-29,15,51XX N INVERGORDON RD
2024-08-31,20,27XX E PIESTEWA PEAK DR
2024-09-02,8,47XX E PIMA CANYON RD
2024-09-03,14,27XX E PIESTEWA PEAK DR
2024-09-07,8,106XX N 7TH ST
2024-09-07,11,33XX E KACHINA DR
2024-09-08,8,24XX E VALLEY VIEW DR
2024-09-08,13,51XX N INVERGORDON RD
2024-09-12,12,49XX E MCDONALD DR
2024-09-21,10,44XX E PIMA CANYON RD
2024-09-21,20,106XX N 7TH ST
2024-09-28,10,19XX W DESERT VISTA TL
2024-09-28,12,27XX E PIESTEWA PEAK DR
2024-09-29,16,N CENTRAL AV/E MOUNTAIN VIEW RD
2024-10-01,12,49XX E MCDONALD DR
2024-10-02,8,7XX E DESERT FOOTHILLS PW
2024-10-02,12,57XX N ECHO CANYON PW
2024-10-03,11,51XX N INVERGORDON RD
2024-10-03,17,158XX N 16TH ST
2024-10-04,5,51XX N INVERGORDON RD
2024-10-04,5,24XX E NORTHERN AV
2024-10-05,14,144XX N CAVE CREEK RD
2024-10-06,10,19XX W DESERT VISTA TL
2024-10-06,11,51XX N INVERGORDON RD
2024-10-06,15,130XX S WARPAINT DR
2024-10-09,18,10XX N GALVIN PW
2024-10-11,10,27XX E PIESTEWA PEAK DR
2024-10-19,19,190XX N 22ND ST
2024-10-23,18,27XX E PIESTEWA PEAK DR
2024-10-24,18,49XX E MCDONALD DR
2024-10-25,9,60XX E MCDOWELL RD
2024-11-06,19,27XX E PIESTEWA PEAK DR
2024-11-06,22,N 23RD ST/N CAVE CREEK RD
2024-11-08,11,49XX E MCDONALD DR
2024-11-08,17,49XX E MCDONALD DR
2024-11-09,10,44XX E PIMA CANYON RD
2024-11-09,16,44XX E PIMA CANYON RD
2024-11-15,10,N CAVE CREEK RD/E CORTEZ ST
2024-11-15,13,130XX N CENTRAL AV
2024-11-18,15,158XX N 16TH ST
2024-11-21,12,19XX W DESERT VISTA TL
2024-11-22,9,32XX E LINCOLN DR
2024-11-22,10,44XX E PIMA CANYON RD
2024-11-22,10,27XX E PIESTEWA PEAK DR
2024-11-25,12,129XX N 7TH ST
2024-11-25,21,109XX S CENTRAL AV
2024-11-27,10,44XX E PIMA CANYON RD
2024-11-28,14,27XX E PIESTEWA PEAK DR
2024-11-29,11,51XX N INVERGORDON RD
2024-11-30,12,44XX E PIMA CANYON RD
2024-12-07,14,44XX E PIMA CANYON RD
2024-12-08,13,27XX E PIESTEWA PEAK DR
2024-12-14,8,109XX S CENTRAL AV
2024-12-16,11,49XX E MCDONALD DR
2025-01-02,12,104XX S CENTRAL AV
2025-01-03,12,51XX N INVERGORDON RD
2025-01-04,13,108XX S SUMMIT RD
2025-01-05,11,130XX S WARPAINT DR
2025-01-05,18,158XX N 16TH ST
2025-01-05,18,49XX E MCDONALD DR
2025-01-08,9,106XX N 7TH ST
2025-01-12,11,281XX N 15TH DR
2025-01-12,11,S 43RD AV/W ESTRELLA DR
2025-01-12,18,49XX E MCDONALD DR
2025-01-13,19,49XX E MCDONALD DR
2025-01-14,20,130XX S WARPAINT DR
2025-01-17,11,49XX E MCDONALD DR
2025-01-17,12,44XX E PIMA CANYON RD
2025-01-18,11,7XX E DESERT FOOTHILLS PW
2025-01-20,11,24XX E NORTHERN AV
2025-01-21,11,128XX N 19TH AV
2025-01-25,20,W LAS RAMADAS DR/S STEPHEN MATHER DR
2025-01-26,8,27XX E PIESTEWA PEAK DR
2025-01-26,17,10XX N GALVIN PW
2025-01-29,14,49XX E MCDONALD DR
2025-02-02,9,109XX S CENTRAL AV
2025-02-02,12,51XX N INVERGORDON RD
2025-02-03,17,N 15TH AV/W YUCCA ST
2025-02-04,9,90XX N 40TH ST
2025-02-04,19,104XX S CENTRAL AV
2025-02-06,12,16XX E SONORAN DESERT DR
2025-02-06,17,158XX N 16TH ST
2025-02-08,10,7XX W CAREFREE HW
2025-02-08,10,16XX E SONORAN DESERT DR
2025-02-09,17,16XX E SONORAN DESERT DR
2025-02-12,15,44XX E PIMA CANYON RD
2025-02-15,11,10XX N GALVIN PW
2025-02-15,19,51XX N INVERGORDON RD
2025-02-18,19,108XX S SUMMIT RD
2025-02-19,12,51XX N INVERGORDON RD
2025-02-19,14,10XX N GALVIN PW
2025-02-21,14,51XX N INVERGORDON RD
2025-02-26,13,49XX E MCDONALD DR
2025-02-28,10,27XX E PIESTEWA PEAK DR
2025-03-01,15,27XX E PIESTEWA PEAK DR
2025-03-02,12,106XX N 7TH ST
2025-03-05,8,129XX N 7TH ST
2025-03-07,15,44XX E PIMA CANYON RD
2025-03-09,13,51XX N INVERGORDON RD
2025-03-11,8,130XX N CENTRAL AV
2025-03-11,9,N 15TH AV/W SHANGRI LA RD
2025-03-12,5,109XX S CENTRAL AV
2025-03-13,12,49XX E MCDONALD DR
2025-03-15,14,109XX S CENTRAL AV
2025-03-16,13,44XX E PIMA CANYON RD
2025-03-19,17,49XX E MCDONALD DR
2025-03-20,9,24XX E VALLEY VIEW DR
2025-03-22,16,51XX N INVERGORDON RD
2025-03-22,19,N 28TH AV/W ROBIN LN
2025-03-24,9,49XX E MCDONALD DR
2025-03-28,9,7XX E DESERT FOOTHILLS PW
2025-03-29,10,24XX E VALLEY VIEW DR
2025-03-29,10,51XX N INVERGORDON RD
2025-03-31,12,49XX E MCDONALD DR
2025-04-02,13,129XX N 7TH ST
2025-04-06,10,49XX E MCDONALD DR
2025-04-07,7,N 22ND ST/E BELMONT AV
2025-04-07,9,98XX S 43RD PL
2025-04-08,15,27XX E PIESTEWA PEAK DR
2025-04-09,15,49XX E MCDONALD DR
2025-04-09,17,7XX E DESERT FOOTHILLS PW
2025-04-12,8,86XX N 17TH PL
2025-04-17,14,130XX S WARPAINT DR
2025-04-20,13,51XX N INVERGORDON RD
2025-04-20,19,10XX N GALVIN PW
2025-04-25,8,51XX N INVERGORDON RD
2025-04-26,12,49XX E MCDONALD DR
2025-04-30,7,51XX N INVERGORDON RD
2025-04-30,9,51XX N INVERGORDON RD
2025-05-02,0,N GALVIN PW/E MCDOWELL RD
2025-05-05,14,86XX N 17TH PL
2025-05-06,17,90XX N 40TH ST
2025-05-07,7,7XX E MINERAL RD
2025-05-07,9,N 19TH ST/E THUNDERBIRD RD
2025-05-09,17,24XX E NORTHERN AV
2025-05-09,19,106XX N 7TH ST
2025-05-09,19,90XX N 40TH ST
2025-05-12,10,49XX E MCDONALD DR
2025-05-12,18,44XX E PIMA CANYON RD
2025-05-12,23,N CAVE CREEK DAM RD/E DESERT PEAK PW
2025-05-17,8,19XX E JANICE WY
2025-05-18,10,27XX E PIESTEWA PEAK DR
2025-05-23,10,49XX E MCDONALD DR
2025-05-23,11,49XX E MCDONALD DR
2025-05-26,11,130XX N CENTRAL AV
2025-05-28,0,40XX E RAY RD
2025-05-28,16,21XX E BETH DR
2025-05-30,9,51XX N INVERGORDON RD
2025-06-01,9,108XX S SUMMIT RD
2025-06-01,13,17XX E BUENA VISTA RD
2025-06-05,8,N 12TH ST/E CHOLLA ST
2025-06-06,7,49XX E MCDONALD DR
2025-06-08,6,51XX N INVERGORDON RD
2025-06-09,11,49XX E MCDONALD DR
2025-06-09,11,51XX N INVERGORDON RD
2025-06-12,6,109XX S CENTRAL AV
2025-06-12,12,44XX E PIMA CANYON RD
2025-06-14,6,22XX E MOUNTAIN VIEW RD
2025-06-14,9,24XX E VALLEY VIEW DR
2025-06-15,15,32XX E LINCOLN DR
2025-06-16,19,24XX E VALLEY VIEW DR
2025-06-19,8,24XX E VALLEY VIEW DR
2025-06-21,11,49XX E MCDONALD DR
2025-06-25,6,44XX E PIMA CANYON RD
2025-06-27,10,49XX E MCDONALD DR
2025-06-29,6,106XX N 7TH ST
2025-06-29,11,7XX E MINERAL RD
2025-06-29,12,24XX E NORTHERN AV
2025-07-03,16,49XX E MCDONALD DR
2025-07-05,13,49XX E MCDONALD DR
2025-07-06,9,44XX E PIMA CANYON RD
2025-07-09,9,136XX S CANYON DR
2025-07-14,11,49XX E MCDONALD DR
2025-07-15,9,51XX N INVERGORDON RD
2025-07-18,14,42XX W SAN JUAN RD
2025-07-24,19,106XX N 7TH ST
2025-07-26,11,49XX E MCDONALD DR
2025-08-04,9,7XX W CAREFREE HW
2025-08-05,11,51XX N INVERGORDON RD
2025-08-11,20,N 13TH AV/W SAHUARO DR
2025-08-12,19,24XX E NORTHERN AV
2025-08-12,19,17XX E BUENA VISTA RD
2025-08-16,6,192XX N TATUM BL
2025-08-16,10,106XX N 7TH ST
2025-08-23,11,51XX N INVERGORDON RD
2025-08-24,10,51XX N INVERGORDON RD
2025-08-24,14,104XX S 40TH PL
2025-08-26,19,27XX E PIESTEWA PEAK DR
2025-08-30,9,136XX S CANYON DR
2025-08-30,9,49XX E MCDONALD DR
2025-09-03,13,49XX E MCDONALD DR
2025-09-05,10,49XX E MCDONALD DR
2025-09-06,19,130XX N CENTRAL AV
2025-09-07,14,49XX E MCDONALD DR
2025-09-08,14,49XX E MCDONALD DR
2025-09-09,12,49XX E MCDONALD DR
2025-09-14,10,49XX E MCDONALD DR
2025-09-14,10,E GRAYHAWK DR/N SCOTTSDALE RD
2025-09-14,13,106XX N 7TH ST
2025-09-14,17,32XX E LINCOLN DR
2025-09-15,15,S 43RD AV/W ESTRELLA DR
2025-09-15,16,130XX N CENTRAL AV
2025-09-16,10,27XX E PIESTEWA PEAK DR
2025-09-16,11,72XX N 40TH ST
2025-09-19,13,111XX N 7TH ST
2025-09-21,11,24XX E NORTHERN AV
2025-09-21,11,51XX N INVERGORDON RD
2025-09-21,12,50XX W ANDREA LN
2025-09-21,12,50XX W ANDREA LN
2025-09-25,11,27XX E PIESTEWA PEAK DR
2025-09-25,13,49XX E MCDONALD DR
2025-09-27,10,27XX E PIESTEWA PEAK DR
2025-09-27,10,27XX E PIESTEWA PEAK DR
2025-09-27,19,104XX N CENTRAL AV
2025-09-28,8,10XX N GALVIN PW
2025-09-28,11,27XX E PIESTEWA PEAK DR
2025-09-29,7,130XX N CENTRAL AV
2025-09-30,11,49XX E MCDONALD DR
2025-10-03,8,E KACHINA DR/S WARPAINT DR
2025-10-03,16,49XX E MCDONALD DR
2025-10-03,18,49XX E MCDONALD DR
2025-10-04,19,S 35TH AV/W CARVER RD
2025-10-05,8,104XX S 40TH PL
2025-10-08,11,49XX E MCDONALD DR
2025-10-08,17,10XX N GALVIN PW
2025-10-14,19,N 26TH PL/E VOLTAIRE AV
2025-10-16,18,49XX E MCDONALD DR
2025-10-17,6,W LAS RAMADAS DR/S STEPHEN MATHER DR
2025-10-19,9,19XX W DESERT VISTA TL
2025-10-19,11,27XX E PIESTEWA PEAK DR
2025-10-21,10,51XX N INVERGORDON RD
2025-10-25,10,104XX S CENTRAL AV
2025-10-25,17,50XX W ANDREA LN
2025-10-26,9,127XX S TV RD
2025-10-26,12,10XX N GALVIN PW
2025-10-27,10,60XX E MCDOWELL RD
2025-10-27,19,90XX N 40TH ST
2025-10-29,8,S 43RD ST/E PEARCE RD
2025-11-03,18,108XX S SUMMIT RD
2025-11-05,16,22XX E MOUNTAIN VIEW RD
2025-11-05,17,N 32ND ST/E PUGET AV
2025-11-08,10,44XX E PIMA CANYON RD
2025-11-11,13,27XX E PIESTEWA PEAK DR
2025-11-12,12,90XX N 40TH ST
2025-11-14,10,51XX N INVERGORDON RD
2025-11-16,16,6XX N GALVIN PW
2025-11-17,11,60XX E MORELAND ST
2025-11-17,13,27XX E PIESTEWA PEAK DR
2025-11-22,11,N 32ND ST/E PUGET AV
2025-11-23,15,80XX S 42ND PL
2025-11-25,17,104XX N CENTRAL AV
2025-11-27,12,113XX N 15TH AV
2025-11-29,8,158XX N 16TH ST
2025-11-30,17,27XX E PIESTEWA PEAK DR
2025-12-01,7,44XX E PIMA CANYON RD
2025-12-09,20,49XX E MCDONALD DR
2025-12-14,18,27XX E PIESTEWA PEAK DR
2025-12-15,12,51XX N INVERGORDON RD
2025-12-19,14,32XX E LINCOLN DR
