time,temperature_2m_max,temperature_2m_min,apparent_temperature_max,precipitation_sum
2018-01-01,73.2,39.2,66.0,0.0
2018-01-02,72.5,43.8,65.5,0.0
2018-01-03,77.5,50.2,67.1,0.0
2018-01-04,75.8,55.5,71.0,0.0
2018-01-05,75.1,45.8,69.9,0.0
2018-01-06,73.4,47.1,68.0,0.0
2018-01-07,75.7,53.5,70.6,0.0
2018-01-08,75.8,53.3,70.2,0.0
2018-01-09,75.4,55.0,68.8,7.0
2018-01-10,60.8,51.8,57.7,2.5
2018-01-11,65.8,46.8,64.7,0.0
2018-01-12,68.5,46.2,66.0,0.0
2018-01-13,73.9,45.8,69.7,0.0
2018-01-14,76.1,46.0,70.6,0.0
2018-01-15,72.3,45.4,67.6,0.0
2018-01-16,72.0,50.1,64.0,0.1
2018-01-17,70.5,50.0,64.7,0.0
2018-01-18,74.0,44.0,67.7,0.0
2018-01-19,75.4,46.0,69.3,0.0
2018-01-20,59.5,48.6,51.8,0.5
2018-01-21,58.1,39.5,48.7,0.0
2018-01-22,59.3,35.7,52.0,0.0
2018-01-23,67.0,38.8,61.8,0.0
2018-01-24,74.8,43.5,65.2,0.0
2018-01-25,73.1,46.0,64.4,0.0
2018-01-26,66.7,43.7,61.0,0.0
2018-01-27,71.8,41.3,63.6,0.0
2018-01-28,77.0,47.6,74.4,0.0
2018-01-29,82.0,53.4,71.7,0.0
2018-01-30,80.2,51.9,73.9,0.0
2018-01-31,78.4,45.5,71.4,0.0
2018-02-01,78.8,44.6,72.1,0.0
2018-02-02,79.1,44.7,72.0,0.0
2018-02-03,78.1,44.7,71.0,0.0
2018-02-04,78.7,47.8,72.5,0.0
2018-02-05,79.1,46.1,71.9,0.0
2018-02-06,78.5,47.4,70.4,0.0
2018-02-07,78.1,51.6,70.1,0.0
2018-02-08,82.1,50.9,74.6,0.0
2018-02-09,81.5,47.9,73.2,0.0
2018-02-10,77.8,48.4,71.5,0.0
2018-02-11,76.0,55.2,69.4,0.0
2018-02-12,68.0,50.8,60.7,0.0
2018-02-13,70.6,52.2,66.9,0.6
2018-02-14,62.1,52.5,59.1,11.7
2018-02-15,64.0,53.9,62.9,9.9
2018-02-16,65.2,50.9,62.5,0.0
2018-02-17,68.8,48.8,69.1,0.0
2018-02-18,69.5,47.6,66.2,0.9
2018-02-19,63.0,47.1,54.9,0.6
2018-02-20,56.2,37.8,49.3,0.0
2018-02-21,59.1,38.8,53.2,0.0
2018-02-22,60.4,38.8,53.7,0.0
2018-02-23,59.8,34.8,50.4,0.1
2018-02-24,58.9,34.8,52.1,0.0
2018-02-25,62.7,36.1,56.3,0.0
2018-02-26,67.8,35.7,60.4,0.0
2018-02-27,69.0,38.8,59.3,3.4
2018-02-28,60.3,41.7,54.5,1.1
2018-03-01,66.8,40.5,62.2,0.0
2018-03-02,73.2,40.1,67.7,0.0
2018-03-03,74.6,42.0,67.8,0.0
2018-03-04,66.5,50.6,60.1,0.0
2018-03-05,71.6,44.1,64.5,0.0
2018-03-06,77.8,46.5,70.0,0.0
2018-03-07,78.7,47.2,72.6,0.0
2018-03-08,82.3,51.4,75.1,0.0
2018-03-09,82.9,48.1,75.7,0.0
2018-03-10,74.4,56.9,68.2,1.2
2018-03-11,74.0,58.9,72.6,3.4
2018-03-12,81.6,57.2,78.7,0.0
2018-03-13,82.4,58.6,79.0,0.0
2018-03-14,83.8,57.3,79.8,0.0
2018-03-15,69.9,54.5,61.5,0.4
2018-03-16,75.1,48.0,68.6,0.0
2018-03-17,72.4,49.1,64.4,0.0
2018-03-18,67.5,52.4,59.8,0.0
2018-03-19,72.9,47.2,66.3,0.0
2018-03-20,78.9,47.3,73.9,0.0
2018-03-21,83.7,51.3,77.6,0.0
2018-03-22,91.0,59.2,86.0,0.0
2018-03-23,82.5,66.6,76.4,0.0
2018-03-24,81.5,56.0,72.5,0.0
2018-03-25,75.3,50.9,67.9,0.0
2018-03-26,73.5,54.4,67.7,0.0
2018-03-27,73.4,47.6,69.3,0.0
2018-03-28,78.6,48.3,72.0,0.0
2018-03-29,85.5,52.4,80.9,0.0
2018-03-30,88.0,56.1,81.2,0.0
2018-03-31,91.2,57.9,86.6,0.0
2018-04-01,91.7,62.6,84.9,0.0
2018-04-02,88.8,59.3,81.4,0.0
2018-04-03,86.5,58.7,83.1,0.0
2018-04-04,89.9,57.4,85.4,0.0
2018-04-05,91.0,60.4,87.7,0.0
2018-04-06,91.0,62.7,83.6,0.0
2018-04-07,93.1,66.7,88.9,0.0
2018-04-08,92.7,70.7,85.1,0.0
2018-04-09,93.6,62.5,89.7,0.0
2018-04-10,96.9,64.9,93.3,0.0
2018-04-11,96.3,59.5,89.9,0.0
2018-04-12,84.5,64.3,73.0,0.0
2018-04-13,77.3,57.4,68.8,0.0
2018-04-14,81.1,55.7,75.6,0.0
2018-04-15,89.7,53.4,84.5,0.0
2018-04-16,84.4,58.6,76.1,0.0
2018-04-17,74.9,57.3,67.4,0.0
2018-04-18,82.2,49.3,76.0,0.0
2018-04-19,80.5,53.0,74.3,0.0
2018-04-20,77.3,52.9,70.0,0.0
2018-04-21,88.3,54.8,85.1,0.0
2018-04-22,91.9,66.5,88.8,0.0
2018-04-23,94.8,65.1,91.4,0.0
2018-04-24,96.9,65.4,92.4,0.0
2018-04-25,97.4,69.1,93.2,0.0
2018-04-26,98.2,67.2,92.7,0.0
2018-04-27,97.6,69.8,95.5,0.0
2018-04-28,97.0,73.0,90.4,0.0
2018-04-29,90.9,64.9,82.1,0.0
2018-04-30,85.2,64.6,77.9,0.0
2018-05-01,80.4,62.1,73.9,0.2
2018-05-02,76.4,55.2,68.4,2.5
2018-05-03,82.5,53.3,77.4,0.0
2018-05-04,92.4,61.0,88.9,0.0
2018-05-05,101.2,67.9,95.1,0.0
2018-05-06,105.1,74.9,99.9,0.0
2018-05-07,102.5,75.5,97.7,0.0
2018-05-08,103.2,70.4,99.3,0.0
2018-05-09,103.5,70.1,98.8,0.0
2018-05-10,103.6,72.5,96.4,0.0
2018-05-11,99.1,74.1,92.3,0.0
2018-05-12,89.1,67.9,83.6,0.0
2018-05-13,87.9,64.9,84.0,0.0
2018-05-14,93.1,65.7,88.6,0.0
2018-05-15,94.6,65.8,91.7,0.0
2018-05-16,98.3,66.3,93.6,0.0
2018-05-17,96.4,69.2,90.8,0.0
2018-05-18,92.8,67.2,88.3,0.0
2018-05-19,94.8,67.4,90.4,0.0
2018-05-20,97.3,68.8,90.8,0.0
2018-05-21,95.8,68.9,87.8,0.0
2018-05-22,92.5,66.1,85.9,0.0
2018-05-23,92.8,65.5,89.4,0.0
2018-05-24,97.9,69.0,93.5,0.0
2018-05-25,99.8,69.3,93.8,0.0
2018-05-26,92.0,71.6,85.9,0.0
2018-05-27,91.7,66.0,88.3,0.0
2018-05-28,97.2,71.7,93.0,0.0
2018-05-29,101.6,74.7,98.7,0.0
2018-05-30,101.8,75.9,96.0,0.0
2018-05-31,99.9,70.7,94.4,0.0
2018-06-01,99.2,70.0,96.4,0.0
2018-06-02,103.1,71.3,100.9,0.0
2018-06-03,107.2,73.4,102.3,0.0
2018-06-04,107.8,72.7,104.4,0.0
2018-06-05,104.9,76.9,101.2,0.0
2018-06-06,102.3,73.6,96.4,0.0
2018-06-07,104.1,74.7,99.2,0.0
2018-06-08,106.8,77.0,101.2,0.0
2018-06-09,108.1,77.8,101.4,0.0
2018-06-10,104.8,75.2,99.3,0.0
2018-06-11,106.1,73.8,102.2,0.0
2018-06-12,107.9,77.0,103.2,0.0
2018-06-13,109.2,82.0,105.1,0.0
2018-06-14,108.7,85.7,105.0,0.0
2018-06-15,95.7,83.8,95.6,0.2
2018-06-16,83.3,71.5,88.4,13.9
2018-06-17,94.6,68.7,96.3,0.0
2018-06-18,95.9,66.8,93.5,0.0
2018-06-19,100.9,69.4,96.5,0.0
2018-06-20,107.6,74.8,102.2,0.0
2018-06-21,108.4,77.6,102.0,0.0
2018-06-22,109.9,82.0,104.4,0.0
2018-06-23,108.1,80.3,105.2,0.0
2018-06-24,104.0,78.9,102.6,0.0
2018-06-25,106.4,78.0,102.9,0.0
2018-06-26,108.7,78.9,104.5,0.0
2018-06-27,109.0,78.6,103.8,0.0
2018-06-28,107.2,83.9,103.9,0.0
2018-06-29,104.4,78.9,101.3,0.0
2018-06-30,102.8,77.2,100.2,0.0
2018-07-01,103.2,74.9,98.2,0.0
2018-07-02,106.7,74.8,101.7,0.0
2018-07-03,108.0,79.0,103.3,0.0
2018-07-04,105.6,82.3,103.8,0.0
2018-07-05,113.5,85.0,112.6,0.0
2018-07-06,109.8,92.7,107.3,0.0
2018-07-07,109.9,89.5,109.0,0.0
2018-07-08,108.2,89.9,109.1,0.0
2018-07-09,99.5,82.2,105.9,5.9
2018-07-10,94.6,77.3,97.6,1.0
2018-07-11,95.5,79.3,102.1,5.3
2018-07-12,97.4,77.2,101.3,8.2
2018-07-13,102.6,80.5,104.2,0.0
2018-07-14,100.6,85.0,105.3,0.0
2018-07-15,98.0,79.8,100.8,2.3
2018-07-16,102.3,82.4,103.7,0.2
2018-07-17,103.6,79.0,107.0,0.6
2018-07-18,99.8,83.9,101.6,0.1
2018-07-19,105.7,84.9,108.5,0.0
2018-07-20,108.4,88.6,110.6,0.0
2018-07-21,101.4,82.0,105.9,0.0
2018-07-22,109.1,83.1,108.3,0.0
2018-07-23,114.9,86.4,113.7,0.0
2018-07-24,115.7,88.8,116.6,0.0
2018-07-25,114.8,91.4,115.7,0.0
2018-07-26,109.9,92.7,111.2,0.0
2018-07-27,110.2,90.1,113.4,0.0
2018-07-28,104.7,87.9,109.4,0.5
2018-07-29,102.9,81.5,104.2,0.5
2018-07-30,105.4,87.6,108.9,0.9
2018-07-31,106.2,83.6,111.4,0.0
2018-08-01,109.6,88.4,113.4,0.0
2018-08-02,105.2,87.9,108.6,0.1
2018-08-03,109.8,84.2,111.7,0.0
2018-08-04,110.6,90.2,111.8,0.0
2018-08-05,111.8,90.7,112.7,0.0
2018-08-06,113.5,88.3,110.3,0.0
2018-08-07,109.8,89.0,112.2,0.0
2018-08-08,101.5,74.5,103.3,1.5
2018-08-09,103.6,81.7,106.5,0.2
2018-08-10,96.4,76.4,100.3,1.0
2018-08-11,99.1,74.6,100.7,0.0
2018-08-12,102.0,78.0,106.2,0.0
2018-08-13,99.4,76.4,103.0,0.0
2018-08-14,102.4,84.1,105.7,0.8
2018-08-15,94.6,76.9,99.4,0.0
2018-08-16,93.3,77.4,100.5,5.0
2018-08-17,98.9,77.7,103.3,0.0
2018-08-18,104.2,86.5,105.7,0.0
2018-08-19,107.5,86.6,110.7,0.0
2018-08-20,108.1,86.9,110.5,0.0
2018-08-21,101.9,86.2,106.2,0.0
2018-08-22,97.5,78.0,100.4,0.4
2018-08-23,94.3,79.3,100.2,4.1
2018-08-24,98.9,78.8,103.2,0.2
2018-08-25,98.0,77.3,100.6,3.7
2018-08-26,100.7,81.8,101.9,0.0
2018-08-27,105.4,82.9,102.7,0.0
2018-08-28,103.8,76.6,101.6,0.0
2018-08-29,104.5,78.5,105.6,0.0
2018-08-30,102.1,81.9,103.5,0.0
2018-08-31,104.1,84.0,106.3,0.0
2018-09-01,99.7,84.1,100.9,0.0
2018-09-02,98.9,74.8,96.5,0.6
2018-09-03,97.3,76.6,98.4,0.1
2018-09-04,98.4,78.4,99.0,0.0
2018-09-05,100.3,81.8,102.0,0.0
2018-09-06,102.7,78.3,102.5,0.0
2018-09-07,103.4,80.6,104.0,0.0
2018-09-08,106.0,82.9,106.6,0.0
2018-09-09,105.2,82.9,105.2,0.0
2018-09-10,104.8,82.3,104.2,0.0
2018-09-11,106.5,78.1,104.1,0.0
2018-09-12,104.9,76.5,101.6,0.0
2018-09-13,104.0,75.4,101.9,0.0
2018-09-14,106.2,77.5,105.6,0.0
2018-09-15,107.9,81.0,105.9,0.0
2018-09-16,103.6,82.2,104.6,0.0
2018-09-17,105.4,84.1,107.4,0.0
2018-09-18,103.5,82.0,103.4,0.0
2018-09-19,91.0,72.7,93.3,2.7
2018-09-20,93.3,71.3,96.7,0.0
2018-09-21,96.7,73.9,100.3,0.0
2018-09-22,99.3,71.3,97.4,0.0
2018-09-23,101.1,76.4,98.3,0.0
2018-09-24,99.5,80.3,97.7,0.0
2018-09-25,97.4,79.3,95.3,0.0
2018-09-26,101.3,76.0,99.1,0.0
2018-09-27,103.0,73.1,100.8,0.0
2018-09-28,102.7,72.1,100.4,0.0
2018-09-29,101.9,76.1,98.9,0.0
2018-09-30,97.5,74.1,97.8,11.5
2018-10-01,78.1,71.6,82.1,25.1
2018-10-02,78.9,71.7,87.6,46.8
2018-10-03,80.4,69.4,87.2,6.4
2018-10-04,83.1,68.3,84.7,0.4
2018-10-05,81.4,66.3,84.0,0.0
2018-10-06,82.9,61.6,81.4,0.0
2018-10-07,71.0,58.0,68.9,17.7
2018-10-08,72.0,55.8,70.7,0.1
2018-10-09,76.4,55.6,75.4,0.0
2018-10-10,79.8,55.8,79.0,0.0
2018-10-11,79.1,60.2,81.5,3.4
2018-10-12,78.2,64.4,80.4,13.2
2018-10-13,70.3,62.5,73.9,25.7
2018-10-14,73.1,58.6,73.8,1.1
2018-10-15,74.0,59.6,72.0,0.0
2018-10-16,66.8,56.5,61.7,0.0
2018-10-17,74.7,54.9,71.1,0.0
2018-10-18,77.3,57.4,75.6,0.0
2018-10-19,83.3,57.6,80.4,0.0
2018-10-20,90.4,66.7,86.3,0.0
2018-10-21,85.7,67.9,80.7,0.3
2018-10-22,84.9,67.1,82.1,1.1
2018-10-23,86.0,68.7,84.5,0.8
2018-10-24,83.0,61.6,82.1,0.0
2018-10-25,84.7,60.7,82.8,0.0
2018-10-26,86.7,61.2,83.9,0.0
2018-10-27,88.4,60.2,84.1,0.0
2018-10-28,90.1,60.2,86.5,0.0
2018-10-29,86.6,61.3,84.1,0.0
2018-10-30,84.9,64.2,80.5,0.0
2018-10-31,76.6,55.3,71.2,0.0
2018-11-01,75.9,52.7,70.2,0.0
2018-11-02,80.2,52.6,76.5,0.0
2018-11-03,80.6,52.9,75.9,0.0
2018-11-04,81.1,55.8,76.3,0.0
2018-11-05,81.1,53.9,75.6,0.0
2018-11-06,82.4,55.9,77.8,0.0
2018-11-07,81.2,55.3,77.3,0.0
2018-11-08,80.1,54.7,76.3,0.0
2018-11-09,79.3,55.7,69.3,0.0
2018-11-10,78.4,58.8,74.3,0.0
2018-11-11,74.4,48.0,62.8,0.0
2018-11-12,66.0,46.0,55.7,0.0
2018-11-13,65.8,45.0,57.8,0.0
2018-11-14,70.6,46.4,60.7,0.0
2018-11-15,74.2,43.8,68.1,0.0
2018-11-16,74.6,44.6,67.7,0.0
2018-11-17,71.7,42.8,65.3,0.0
2018-11-18,72.6,46.7,66.5,0.0
2018-11-19,75.5,44.9,69.1,0.0
2018-11-20,78.6,52.8,70.8,0.0
2018-11-21,72.8,46.8,66.4,0.0
2018-11-22,68.9,50.0,64.9,0.0
2018-11-23,69.4,46.9,65.5,0.0
2018-11-24,69.6,44.9,64.8,0.0
2018-11-25,71.8,47.9,64.2,0.0
2018-11-26,74.2,49.6,66.6,0.0
2018-11-27,74.3,46.9,69.1,0.0
2018-11-28,74.3,45.5,67.9,0.0
2018-11-29,68.5,48.1,62.4,0.8
2018-11-30,62.5,47.7,58.2,7.3
2018-12-01,63.6,46.0,59.7,0.0
2018-12-02,60.1,45.7,52.3,0.3
2018-12-03,60.5,40.0,55.6,0.0
2018-12-04,65.0,39.7,58.5,0.0
2018-12-05,70.2,47.4,65.5,0.0
2018-12-06,60.9,49.7,58.7,4.8
2018-12-07,64.0,50.5,63.7,3.1
2018-12-08,64.9,48.1,63.3,0.0
2018-12-09,68.5,43.7,64.2,0.0
2018-12-10,71.2,48.0,63.7,0.0
2018-12-11,71.6,53.3,65.4,0.0
2018-12-12,66.0,43.3,60.2,0.0
2018-12-13,66.3,42.6,57.4,0.0
2018-12-14,69.3,40.7,59.5,0.0
2018-12-15,72.4,50.2,65.2,0.0
2018-12-16,71.2,45.2,63.7,0.1
2018-12-17,68.9,44.3,64.2,0.0
2018-12-18,68.2,42.4,61.7,0.0
2018-12-19,67.7,39.9,62.2,0.0
2018-12-20,73.0,41.3,67.9,0.0
2018-12-21,67.6,43.0,62.1,0.0
2018-12-22,70.7,40.7,65.2,0.0
2018-12-23,71.0,42.0,65.4,0.0
2018-12-24,70.1,41.6,64.9,0.0
2018-12-25,62.9,42.0,59.3,0.5
2018-12-26,60.0,44.7,54.5,0.8
2018-12-27,55.5,36.7,48.5,0.6
2018-12-28,53.0,36.4,45.6,0.0
2018-12-29,56.1,34.3,48.0,0.0
2018-12-30,55.6,35.4,47.6,0.0
2018-12-31,51.9,34.6,44.5,11.0
2019-01-01,48.3,36.3,42.8,0.9
2019-01-02,48.7,29.9,42.0,0.0
2019-01-03,53.2,30.9,48.0,0.0
2019-01-04,64.4,34.0,58.4,0.0
2019-01-05,64.3,40.8,59.7,1.5
2019-01-06,53.6,43.3,51.5,10.4
2019-01-07,60.4,40.3,57.3,0.0
2019-01-08,68.2,42.0,65.4,0.0
2019-01-09,68.7,46.1,62.2,0.0
2019-01-10,64.1,48.1,61.5,0.0
2019-01-11,63.1,41.4,62.1,0.0
2019-01-12,66.1,45.5,60.0,1.6
2019-01-13,59.6,45.9,58.2,0.1
2019-01-14,66.6,47.4,63.4,0.2
2019-01-15,62.6,50.6,59.4,9.9
2019-01-16,65.3,48.7,65.2,0.3
2019-01-17,65.8,43.5,64.6,0.0
2019-01-18,67.0,49.2,64.6,0.0
2019-01-19,66.8,43.6,60.2,0.0
2019-01-20,71.4,43.9,67.1,0.0
2019-01-21,64.0,44.4,55.2,0.0
2019-01-22,62.2,40.4,55.5,0.0
2019-01-23,60.1,37.0,52.9,0.0
2019-01-24,66.6,33.9,59.8,0.0
2019-01-25,68.4,38.2,61.4,0.0
2019-01-26,69.0,40.9,63.4,0.0
2019-01-27,70.7,43.8,64.8,0.0
2019-01-28,71.6,40.0,65.7,0.0
2019-01-29,71.7,49.1,66.5,0.0
2019-01-30,72.5,48.2,68.1,0.0
2019-01-31,71.8,46.8,67.4,0.0
2019-02-01,71.2,52.1,68.4,0.5
2019-02-02,72.0,54.1,67.7,0.1
2019-02-03,63.3,51.4,62.6,11.7
2019-02-04,62.9,50.5,57.5,0.6
2019-02-05,64.4,48.0,56.8,0.9
2019-02-06,53.0,39.2,46.4,1.2
2019-02-07,54.1,31.3,48.0,0.0
2019-02-08,63.5,33.6,58.5,0.0
2019-02-09,60.4,37.7,53.6,0.0
2019-02-10,62.3,33.9,55.3,0.0
2019-02-11,57.3,41.1,50.0,0.0
2019-02-12,66.9,35.3,60.7,0.0
2019-02-13,70.1,42.2,63.6,0.0
2019-02-14,59.3,52.2,55.2,14.9
2019-02-15,67.3,48.4,63.7,0.8
2019-02-16,59.4,46.6,50.8,0.0
2019-02-17,56.9,39.3,49.0,0.3
2019-02-18,53.0,39.2,47.3,1.5
2019-02-19,54.6,33.9,45.7,0.1
2019-02-20,54.6,29.8,47.5,0.0
2019-02-21,49.2,38.8,45.2,32.8
2019-02-22,47.0,35.6,43.8,13.7
2019-02-23,52.8,31.4,48.8,0.0
2019-02-24,61.4,33.4,57.1,0.0
2019-02-25,63.3,36.3,59.4,0.0
2019-02-26,69.1,40.1,67.0,0.0
2019-02-27,72.3,46.8,70.0,0.0
2019-02-28,73.3,45.0,71.2,0.0
2019-03-01,75.3,49.2,72.7,0.0
2019-03-02,71.0,51.5,69.0,0.7
2019-03-03,73.0,52.0,71.5,0.0
2019-03-04,72.8,49.1,70.6,0.0
2019-03-05,78.5,47.2,74.1,0.0
2019-03-06,87.0,55.0,77.0,0.6
2019-03-07,77.5,53.9,74.8,0.0
2019-03-08,69.1,54.5,60.1,0.0
2019-03-09,66.7,41.9,60.7,0.0
2019-03-10,71.4,42.1,64.2,0.0
2019-03-11,73.3,51.4,71.4,2.7
2019-03-12,61.1,51.4,55.2,8.2
2019-03-13,63.4,45.5,52.6,1.5
2019-03-14,60.6,39.3,56.6,0.0
2019-03-15,71.6,44.1,65.6,0.0
2019-03-16,76.0,51.4,70.6,0.0
2019-03-17,78.3,53.2,74.4,0.0
2019-03-18,82.1,53.4,78.7,0.0
2019-03-19,84.1,56.7,80.1,0.0
2019-03-20,85.0,56.9,77.7,0.0
2019-03-21,71.4,54.3,65.8,0.8
2019-03-22,71.5,47.9,66.8,0.0
2019-03-23,75.9,49.2,72.6,0.0
2019-03-24,78.2,50.3,76.3,0.0
2019-03-25,83.9,52.4,80.3,0.0
2019-03-26,86.1,54.2,82.1,0.0
2019-03-27,84.0,56.2,80.2,0.0
2019-03-28,84.8,51.9,79.3,0.0
2019-03-29,81.2,55.9,74.0,0.0
2019-03-30,81.1,54.7,76.0,0.0
2019-03-31,80.5,53.3,76.2,0.0
2019-04-01,82.6,58.3,76.9,0.0
2019-04-02,87.0,55.5,80.5,0.0
2019-04-03,79.3,58.3,74.9,0.0
2019-04-04,83.8,56.2,77.7,0.0
2019-04-05,80.3,55.9,76.7,0.0
2019-04-06,78.6,60.5,75.9,0.0
2019-04-07,88.3,60.4,84.1,0.0
2019-04-08,95.5,60.4,91.3,0.0
2019-04-09,96.3,61.8,88.6,0.0
2019-04-10,75.1,59.3,61.0,0.0
2019-04-11,77.5,53.7,69.9,0.0
2019-04-12,72.0,60.3,68.9,0.0
2019-04-13,78.3,52.3,75.9,0.0
2019-04-14,84.7,54.0,80.5,0.0
2019-04-15,88.3,59.5,80.7,0.0
2019-04-16,81.1,59.7,73.7,1.5
2019-04-17,78.2,54.0,75.2,0.8
2019-04-18,89.3,55.0,87.3,0.0
2019-04-19,98.0,62.6,92.9,0.0
2019-04-20,92.6,67.6,85.3,0.0
2019-04-21,87.5,66.4,81.8,0.0
2019-04-22,85.6,59.3,83.8,0.0
2019-04-23,85.5,62.7,81.4,0.0
2019-04-24,92.4,60.9,89.4,0.0
2019-04-25,97.8,64.0,94.7,0.0
2019-04-26,99.9,68.5,96.7,0.0
2019-04-27,96.5,67.6,92.5,0.0
2019-04-28,95.9,67.4,90.6,0.0
2019-04-29,84.4,63.2,76.0,1.7
2019-04-30,84.8,59.8,81.0,1.4
2019-05-01,86.4,62.9,84.2,0.0
2019-05-02,89.0,60.9,83.4,0.0
2019-05-03,92.8,60.7,89.2,0.0
2019-05-04,94.5,69.0,90.7,0.0
2019-05-05,93.7,65.8,89.0,0.0
2019-05-06,85.5,66.0,80.0,0.0
2019-05-07,78.5,62.2,73.3,1.3
2019-05-08,84.7,63.2,81.7,1.4
2019-05-09,88.8,62.1,85.0,0.0
2019-05-10,86.1,65.7,80.7,0.0
2019-05-11,84.0,62.6,82.4,0.0
2019-05-12,83.8,65.5,82.3,0.0
2019-05-13,91.4,64.0,89.8,0.0
2019-05-14,96.9,70.3,95.1,0.0
2019-05-15,99.4,73.2,96.5,0.0
2019-05-16,90.6,72.9,81.4,0.0
2019-05-17,80.6,59.7,73.0,0.0
2019-05-18,85.6,61.0,81.5,0.0
2019-05-19,80.6,67.4,71.8,0.0
2019-05-20,73.6,59.6,66.6,0.8
2019-05-21,80.7,54.3,70.6,0.0
2019-05-22,75.7,56.8,66.9,0.0
2019-05-23,77.1,55.8,72.0,0.9
2019-05-24,86.4,56.7,83.3,0.0
2019-05-25,91.7,61.8,86.0,0.0
2019-05-26,84.7,63.3,76.6,0.0
2019-05-27,78.2,63.8,71.4,0.0
2019-05-28,83.6,59.3,78.7,0.0
2019-05-29,92.0,62.5,89.9,0.0
2019-05-30,94.8,69.4,92.3,0.0
2019-05-31,97.0,69.6,92.5,0.0
2019-06-01,97.7,70.5,94.4,0.0
2019-06-02,94.8,72.7,91.3,0.0
2019-06-03,95.5,71.4,95.2,0.0
2019-06-04,97.7,72.2,93.0,0.0
2019-06-05,100.7,73.5,95.7,0.0
2019-06-06,101.5,77.5,96.8,0.0
2019-06-07,100.8,76.7,97.1,0.0
2019-06-08,99.1,70.8,95.6,0.0
2019-06-09,103.8,74.9,102.0,0.0
2019-06-10,106.3,80.2,105.4,0.0
2019-06-11,107.2,80.3,106.8,0.0
2019-06-12,110.4,80.1,107.0,0.0
2019-06-13,109.9,79.8,105.4,0.0
2019-06-14,103.6,78.4,97.8,0.0
2019-06-15,103.0,75.1,100.5,0.0
2019-06-16,103.9,78.4,100.6,0.0
2019-06-17,103.1,79.0,99.4,0.0
2019-06-18,102.5,77.5,96.8,0.0
2019-06-19,103.0,74.4,97.7,0.0
2019-06-20,103.0,74.1,98.7,0.0
2019-06-21,101.7,75.1,96.7,0.0
2019-06-22,97.7,76.6,94.8,0.0
2019-06-23,99.0,74.6,95.6,0.0
2019-06-24,102.2,73.8,98.1,0.0
2019-06-25,104.4,74.8,99.9,0.0
2019-06-26,102.0,76.6,97.4,0.0
2019-06-27,104.6,76.7,100.6,0.0
2019-06-28,109.1,79.3,105.2,0.0
2019-06-29,111.7,84.7,108.9,0.0
2019-06-30,110.3,85.8,105.2,0.0
2019-07-01,109.0,83.9,105.3,0.0
2019-07-02,106.5,80.7,103.4,0.0
2019-07-03,105.6,80.2,100.2,0.0
2019-07-04,105.1,76.2,103.8,0.0
2019-07-05,103.0,76.8,101.0,0.0
2019-07-06,104.2,80.9,102.4,0.0
2019-07-07,106.6,84.1,100.4,0.0
2019-07-08,103.5,75.5,97.0,0.0
2019-07-09,104.0,73.1,99.8,0.0
2019-07-10,109.9,81.1,107.0,0.0
2019-07-11,111.5,85.3,104.6,0.0
2019-07-12,109.0,87.1,107.6,0.0
2019-07-13,109.0,88.8,108.5,0.0
2019-07-14,106.9,86.9,108.0,0.0
2019-07-15,112.0,85.1,112.0,0.0
2019-07-16,113.0,88.1,108.8,0.0
2019-07-17,106.3,88.5,108.2,0.0
2019-07-18,107.3,84.1,102.3,0.0
2019-07-19,104.5,89.3,102.2,0.0
2019-07-20,106.9,84.2,103.6,0.0
2019-07-21,107.1,85.0,107.5,0.0
2019-07-22,103.9,87.8,106.3,0.1
2019-07-23,104.1,84.7,107.8,0.3
2019-07-24,99.5,81.1,101.2,4.2
2019-07-25,103.6,87.0,107.3,0.0
2019-07-26,108.1,80.9,110.0,0.7
2019-07-27,111.9,90.9,112.2,0.0
2019-07-28,109.7,89.2,110.1,0.0
2019-07-29,110.1,87.4,111.1,0.0
2019-07-30,103.8,85.2,105.2,1.7
2019-07-31,92.9,78.7,97.6,6.6
2019-08-01,102.0,81.6,103.7,0.0
2019-08-02,106.3,88.0,109.6,0.0
2019-08-03,109.3,89.1,112.5,0.0
2019-08-04,109.6,87.0,111.0,0.0
2019-08-05,113.0,90.0,114.5,0.0
2019-08-06,101.5,89.2,102.7,0.0
2019-08-07,104.7,83.7,107.3,3.4
2019-08-08,107.2,79.3,108.5,0.0
2019-08-09,100.6,88.0,103.7,0.0
2019-08-10,101.0,85.9,101.7,0.0
2019-08-11,101.3,79.2,103.4,0.0
2019-08-12,106.0,85.4,104.9,0.0
2019-08-13,108.3,82.9,107.0,0.0
2019-08-14,112.0,82.8,108.3,0.0
2019-08-15,112.8,82.5,111.6,0.0
2019-08-16,108.4,80.9,106.5,0.0
2019-08-17,106.3,84.0,105.2,0.0
2019-08-18,105.4,81.2,102.0,0.0
2019-08-19,108.8,82.4,107.0,0.0
2019-08-20,111.7,83.3,109.7,0.0
2019-08-21,113.4,82.9,109.4,0.0
2019-08-22,107.7,80.9,107.4,0.0
2019-08-23,102.4,84.0,103.4,0.0
2019-08-24,98.1,83.8,102.0,0.2
2019-08-25,101.3,82.5,104.6,0.0
2019-08-26,106.1,87.4,107.4,0.0
2019-08-27,109.5,87.7,110.8,0.0
2019-08-28,106.0,88.4,107.5,0.0
2019-08-29,105.0,82.0,108.1,0.0
2019-08-30,108.5,85.4,109.4,0.0
2019-08-31,106.4,84.7,105.9,0.0
2019-09-01,103.6,86.9,108.2,0.7
2019-09-02,105.0,82.6,108.3,0.0
2019-09-03,108.0,84.6,108.7,0.0
2019-09-04,108.8,86.3,106.7,0.0
2019-09-05,109.9,86.6,107.7,0.0
2019-09-06,106.8,86.1,107.6,0.0
2019-09-07,105.4,88.0,108.6,0.3
2019-09-08,100.9,85.1,100.4,0.9
2019-09-09,97.4,80.4,98.9,0.1
2019-09-10,95.9,72.0,94.8,12.7
2019-09-11,95.4,76.4,96.0,0.0
2019-09-12,101.2,77.3,99.5,0.0
2019-09-13,104.7,77.1,101.5,0.0
2019-09-14,100.1,83.4,100.8,0.1
2019-09-15,96.7,79.1,99.4,0.0
2019-09-16,99.1,81.3,100.2,0.2
2019-09-17,96.9,74.7,96.8,0.0
2019-09-18,101.6,76.8,99.2,0.0
2019-09-19,99.9,76.5,97.4,0.0
2019-09-20,96.0,71.8,91.6,0.0
2019-09-21,94.2,67.1,90.2,0.0
2019-09-22,96.4,69.3,95.2,0.0
2019-09-23,85.9,69.8,88.0,38.0
2019-09-24,83.3,68.5,86.4,1.7
2019-09-25,85.4,66.3,88.5,0.9
2019-09-26,80.5,68.5,85.4,9.9
2019-09-27,82.7,69.4,85.3,0.7
2019-09-28,89.2,67.6,91.2,0.0
2019-09-29,84.6,69.0,86.7,0.0
2019-09-30,86.1,64.1,85.8,0.0
2019-10-01,87.1,58.6,83.3,0.0
2019-10-02,88.6,62.2,85.7,0.0
2019-10-03,94.3,62.8,90.8,0.0
2019-10-04,94.3,70.9,93.2,0.0
2019-10-05,94.5,67.1,93.1,0.0
2019-10-06,94.1,64.5,90.8,0.0
2019-10-07,96.3,68.9,94.1,0.0
2019-10-08,96.0,67.9,91.4,0.0
2019-10-09,93.7,64.0,88.7,0.0
2019-10-10,88.4,65.9,82.1,0.0
2019-10-11,87.3,60.3,80.5,0.0
2019-10-12,88.9,63.4,84.3,0.0
2019-10-13,89.8,60.5,84.8,0.0
2019-10-14,84.7,62.2,84.8,0.0
2019-10-15,90.7,62.7,86.4,0.0
2019-10-16,96.4,64.0,88.0,0.0
2019-10-17,94.0,70.9,89.5,0.0
2019-10-18,84.8,64.6,79.1,0.0
2019-10-19,84.4,57.0,77.5,0.0
2019-10-20,85.1,54.9,77.5,0.0
2019-10-21,84.8,56.6,76.7,0.0
2019-10-22,89.0,61.8,83.4,0.0
2019-10-23,89.6,59.7,83.8,0.0
2019-10-24,85.6,60.4,74.0,0.0
2019-10-25,83.4,60.5,74.5,0.0
2019-10-26,84.0,54.9,77.6,0.0
2019-10-27,87.6,56.2,79.5,0.0
2019-10-28,72.5,56.4,66.1,0.0
2019-10-29,73.3,43.5,64.2,0.0
2019-10-30,69.5,48.6,60.5,0.0
2019-10-31,76.5,41.5,67.1,0.0
2019-11-01,78.9,49.0,71.6,0.0
2019-11-02,87.1,52.3,78.2,0.0
2019-11-03,84.7,57.6,77.9,0.0
2019-11-04,85.1,52.4,79.3,0.0
2019-11-05,87.5,56.3,82.7,0.0
2019-11-06,82.4,61.8,80.9,0.0
2019-11-07,84.5,57.7,81.9,0.0
2019-11-08,87.5,62.5,82.4,0.0
2019-11-09,86.5,61.0,84.1,0.0
2019-11-10,85.7,65.3,82.5,0.0
2019-11-11,85.2,59.6,81.1,0.0
2019-11-12,81.8,62.3,74.0,0.0
2019-11-13,77.8,54.2,72.4,0.0
2019-11-14,80.2,51.4,75.9,0.0
2019-11-15,83.1,54.7,77.6,0.0
2019-11-16,80.7,57.5,76.1,0.0
2019-11-17,85.2,53.6,79.1,0.0
2019-11-18,82.7,52.7,76.9,0.0
2019-11-19,79.2,55.9,71.5,8.2
2019-11-20,68.0,54.2,63.7,29.0
2019-11-21,61.2,51.4,59.4,6.8
2019-11-22,62.6,49.3,61.2,0.0
2019-11-23,68.1,48.1,64.6,0.0
2019-11-24,68.3,49.0,66.1,0.0
2019-11-25,66.7,44.9,62.3,0.0
2019-11-26,58.1,43.5,51.0,0.0
2019-11-27,65.9,39.1,64.2,0.0
2019-11-28,67.0,52.7,59.1,6.3
2019-11-29,56.8,46.9,50.3,22.3
2019-11-30,55.3,41.2,51.3,0.0
2019-12-01,63.8,39.8,60.1,0.0
2019-12-02,66.0,44.7,64.1,0.0
2019-12-03,64.2,43.3,62.1,3.1
2019-12-04,65.5,53.9,65.5,2.1
2019-12-05,66.6,53.9,66.3,0.0
2019-12-06,68.6,50.4,67.7,0.0
2019-12-07,66.4,48.7,65.9,13.7
2019-12-08,63.7,55.4,64.6,5.5
2019-12-09,61.6,49.7,60.3,5.5
2019-12-10,62.9,45.1,60.2,0.0
2019-12-11,65.4,46.9,62.6,0.0
2019-12-12,63.7,43.2,61.3,0.0
2019-12-13,64.4,42.2,63.1,0.0
2019-12-14,65.9,44.1,65.1,0.0
2019-12-15,61.7,44.9,55.4,0.0
2019-12-16,58.6,39.2,51.4,0.0
2019-12-17,56.9,34.6,48.2,0.0
2019-12-18,64.4,39.5,53.0,0.0
2019-12-19,61.1,38.1,55.1,0.0
2019-12-20,63.7,38.0,57.1,0.0
2019-12-21,69.1,41.7,63.2,0.0
2019-12-22,73.6,47.6,65.7,0.0
2019-12-23,67.0,50.8,60.4,3.2
2019-12-24,56.7,49.5,54.8,29.6
2019-12-25,55.2,43.3,53.1,1.9
2019-12-26,59.5,40.9,54.1,5.4
2019-12-27,49.2,42.3,45.4,7.3
2019-12-28,51.5,37.6,40.4,0.0
2019-12-29,49.4,31.7,44.2,0.0
2019-12-30,55.9,36.3,51.5,0.0
2019-12-31,56.2,42.4,50.6,0.1
2020-01-01,57.3,37.0,53.4,0.0
2020-01-02,59.5,37.5,54.7,0.0
2020-01-03,60.8,37.4,56.1,0.0
2020-01-04,64.0,37.8,60.8,0.0
2020-01-05,64.9,37.9,61.8,0.0
2020-01-06,66.4,38.6,61.5,0.0
2020-01-07,69.6,41.5,64.1,0.0
2020-01-08,63.8,40.6,57.8,0.0
2020-01-09,62.2,40.2,55.4,0.3
2020-01-10,60.9,39.7,54.7,0.0
2020-01-11,60.1,36.9,56.3,0.0
2020-01-12,61.8,35.7,58.1,0.0
2020-01-13,64.8,35.3,59.8,0.0
2020-01-14,67.7,38.1,63.1,0.0
2020-01-15,70.3,41.1,66.0,0.0
2020-01-16,66.1,44.0,62.2,0.0
2020-01-17,63.8,40.7,58.6,0.0
2020-01-18,69.7,42.4,63.2,0.0
2020-01-19,75.4,44.8,66.6,0.0
2020-01-20,77.6,56.6,70.0,0.0
2020-01-21,62.4,52.6,60.1,4.5
2020-01-22,62.6,49.6,59.5,0.0
2020-01-23,67.5,43.3,65.0,0.0
2020-01-24,70.6,46.2,67.0,0.0
2020-01-25,69.9,42.0,66.6,0.0
2020-01-26,69.6,43.0,67.5,0.0
2020-01-27,72.1,46.8,64.1,0.0
2020-01-28,68.0,44.4,62.5,0.0
2020-01-29,65.7,43.4,59.9,0.2
2020-01-30,67.6,42.4,60.4,0.0
2020-01-31,70.5,43.1,64.4,0.0
2020-02-01,76.2,43.5,70.3,0.0
2020-02-02,77.4,46.9,70.5,0.0
2020-02-03,62.9,45.4,52.7,0.0
2020-02-04,52.9,31.5,45.3,0.0
2020-02-05,53.6,31.5,44.3,0.0
2020-02-06,58.6,31.6,51.0,0.0
2020-02-07,65.1,35.1,59.3,0.0
2020-02-08,70.3,39.6,65.2,0.0
2020-02-09,73.7,45.1,65.0,0.0
2020-02-10,67.4,51.0,62.8,9.0
2020-02-11,58.1,45.9,53.9,16.1
2020-02-12,61.3,39.5,57.8,0.0
2020-02-13,64.3,39.7,60.5,0.0
2020-02-14,67.7,42.0,64.2,0.0
2020-02-15,68.3,41.5,65.6,0.0
2020-02-16,69.8,42.0,65.5,0.0
2020-02-17,72.1,43.3,68.6,0.0
2020-02-18,74.0,45.7,71.6,0.0
2020-02-19,75.7,46.9,71.3,0.0
2020-02-20,78.4,46.6,73.3,0.0
2020-02-21,78.7,58.7,69.0,0.0
2020-02-22,67.4,54.4,63.0,19.5
2020-02-23,62.3,45.8,59.4,0.2
2020-02-24,67.6,44.2,65.8,0.0
2020-02-25,64.5,44.2,56.1,0.0
2020-02-26,63.8,39.7,56.7,0.0
2020-02-27,72.9,39.7,68.2,0.0
2020-02-28,78.1,47.9,71.2,0.0
2020-02-29,76.5,45.6,72.4,0.0
2020-03-01,74.4,48.5,65.9,0.0
2020-03-02,65.9,46.3,59.2,0.0
2020-03-03,75.4,48.4,69.6,0.0
2020-03-04,73.8,45.4,70.1,0.0
2020-03-05,83.2,48.7,78.2,0.0
2020-03-06,85.4,60.2,79.5,0.0
2020-03-07,82.8,55.0,74.5,0.0
2020-03-08,74.8,57.3,68.5,0.0
2020-03-09,75.2,50.3,73.8,0.0
2020-03-10,74.5,59.5,71.8,13.6
2020-03-11,67.6,61.1,70.4,28.6
2020-03-12,67.5,60.2,69.4,30.8
2020-03-13,63.2,51.4,61.2,10.9
2020-03-14,68.8,49.7,66.8,0.0
2020-03-15,72.8,50.5,73.4,0.0
2020-03-16,74.0,50.9,73.7,0.0
2020-03-17,70.5,53.0,68.7,0.0
2020-03-18,64.3,48.7,56.7,14.5
2020-03-19,61.8,47.1,56.9,0.2
2020-03-20,66.8,44.4,66.8,0.0
2020-03-21,70.0,48.1,69.3,0.0
2020-03-22,70.8,50.0,69.2,0.0
2020-03-23,72.8,53.6,68.6,0.0
2020-03-24,74.0,49.5,72.7,0.0
2020-03-25,74.9,50.1,72.5,0.0
2020-03-26,70.0,55.7,65.4,0.0
2020-03-27,63.8,48.9,54.5,0.0
2020-03-28,68.4,42.7,64.9,0.0
2020-03-29,75.3,48.1,71.1,0.0
2020-03-30,75.8,48.8,71.1,0.0
2020-03-31,81.2,51.1,76.3,0.0
2020-04-01,83.9,54.8,79.5,0.0
2020-04-02,83.1,54.9,76.1,0.0
2020-04-03,82.6,52.4,79.6,0.0
2020-04-04,82.0,53.7,76.9,0.0
2020-04-05,83.0,55.9,77.3,0.0
2020-04-06,81.8,54.1,75.9,0.0
2020-04-07,82.5,55.0,77.5,0.0
2020-04-08,79.2,59.0,71.9,0.9
2020-04-09,71.1,50.5,68.7,0.0
2020-04-10,75.9,53.4,72.3,0.0
2020-04-11,68.2,55.9,65.5,1.2
2020-04-12,76.6,49.9,70.8,0.0
2020-04-13,76.7,53.7,70.9,0.0
2020-04-14,79.3,53.6,75.3,0.0
2020-04-15,81.8,52.0,77.9,0.0
2020-04-16,85.0,52.0,79.4,0.0
2020-04-17,86.3,54.8,77.7,0.0
2020-04-18,78.1,56.5,73.7,0.0
2020-04-19,82.1,54.8,80.1,0.0
2020-04-20,85.7,59.2,81.4,0.0
2020-04-21,82.0,61.6,75.8,0.0
2020-04-22,90.2,58.0,85.8,0.0
2020-04-23,95.2,63.1,90.0,0.0
2020-04-24,97.5,65.6,93.8,0.0
2020-04-25,97.9,64.6,94.5,0.0
2020-04-26,101.8,67.8,98.2,0.0
2020-04-27,100.8,71.3,95.8,0.0
2020-04-28,100.4,67.6,95.9,0.0
2020-04-29,103.7,74.8,100.7,0.0
2020-04-30,102.7,76.6,100.6,0.0
2020-05-01,100.8,67.7,95.4,0.0
2020-05-02,97.7,69.5,93.6,0.0
2020-05-03,96.6,69.5,93.3,0.0
2020-05-04,98.1,71.4,95.9,0.0
2020-05-05,102.5,69.8,99.5,0.0
2020-05-06,105.4,70.3,100.7,0.0
2020-05-07,105.2,73.2,100.2,0.0
2020-05-08,103.0,73.0,97.8,0.0
2020-05-09,101.4,78.7,98.3,0.0
2020-05-10,99.6,79.6,97.4,0.1
2020-05-11,99.8,74.7,94.1,0.0
2020-05-12,94.0,71.4,87.9,0.0
2020-05-13,89.9,68.8,85.9,0.0
2020-05-14,90.2,68.1,87.3,0.0
2020-05-15,93.5,70.8,91.5,0.0
2020-05-16,97.5,71.7,94.7,0.0
2020-05-17,100.7,71.9,94.3,0.0
2020-05-18,99.5,72.9,92.9,0.0
2020-05-19,88.0,69.9,82.5,0.0
2020-05-20,86.2,61.5,82.0,0.0
2020-05-21,91.0,62.8,87.7,0.0
2020-05-22,94.5,64.0,89.0,0.0
2020-05-23,92.9,67.8,87.0,0.0
2020-05-24,93.9,70.1,87.7,0.0
2020-05-25,96.4,68.6,92.0,0.0
2020-05-26,101.8,69.4,97.3,0.0
2020-05-27,106.7,74.7,100.0,0.0
2020-05-28,108.4,78.7,102.2,0.0
2020-05-29,110.1,79.0,108.1,0.0
2020-05-30,108.4,83.7,105.6,0.0
2020-05-31,106.3,81.0,102.6,0.0
2020-06-01,105.0,80.2,102.7,0.0
2020-06-02,106.7,84.5,102.8,0.0
2020-06-03,110.1,85.1,107.5,0.0
2020-06-04,109.9,85.7,108.7,0.0
2020-06-05,107.7,85.5,101.8,0.0
2020-06-06,92.4,73.7,89.2,0.0
2020-06-07,94.8,75.0,88.0,0.0
2020-06-08,90.0,72.2,81.4,0.0
2020-06-09,93.2,67.2,88.0,0.0
2020-06-10,102.0,69.4,98.3,0.0
2020-06-11,107.3,74.5,103.4,0.0
2020-06-12,107.1,77.4,104.1,0.0
2020-06-13,105.6,78.3,99.2,0.0
2020-06-14,104.5,73.8,97.3,0.0
2020-06-15,106.1,73.9,100.1,0.0
2020-06-16,105.6,74.6,99.0,0.0
2020-06-17,101.5,74.0,96.8,0.0
2020-06-18,100.9,74.6,96.3,0.0
2020-06-19,100.9,74.9,96.3,0.0
2020-06-20,104.3,75.3,101.4,0.0
2020-06-21,106.9,78.2,102.8,0.0
2020-06-22,107.4,80.0,102.0,0.0
2020-06-23,108.9,79.6,103.7,0.0
2020-06-24,110.3,80.0,107.7,0.0
2020-06-25,110.0,81.6,103.6,0.0
2020-06-26,108.2,80.6,102.8,0.0
2020-06-27,105.7,82.1,102.7,0.0
2020-06-28,104.1,79.0,99.1,0.0
2020-06-29,98.2,78.1,92.8,0.0
2020-06-30,98.9,75.0,95.9,0.0
2020-07-01,103.5,72.9,100.1,0.0
2020-07-02,100.2,79.8,102.0,0.0
2020-07-03,101.9,79.2,105.9,0.0
2020-07-04,108.6,86.7,108.6,0.0
2020-07-05,111.0,85.3,109.0,0.0
2020-07-06,110.8,85.9,107.6,0.0
2020-07-07,110.4,83.4,109.1,0.0
2020-07-08,109.4,87.8,107.7,0.0
2020-07-09,109.6,87.0,107.5,0.0
2020-07-10,110.8,89.4,109.5,0.0
2020-07-11,116.2,91.8,114.6,0.0
2020-07-12,113.6,90.7,116.1,0.0
2020-07-13,109.0,92.1,108.2,0.0
2020-07-14,109.2,86.9,108.4,0.0
2020-07-15,109.3,87.2,110.1,0.0
2020-07-16,109.6,87.6,108.9,0.0
2020-07-17,107.2,86.7,106.1,0.0
2020-07-18,109.3,88.7,106.1,0.0
2020-07-19,109.3,90.1,103.2,0.0
2020-07-20,107.4,89.2,103.4,0.0
2020-07-21,107.5,88.5,105.0,0.0
2020-07-22,103.7,88.3,107.3,0.0
2020-07-23,97.0,86.4,102.1,0.3
2020-07-24,99.1,81.6,101.2,0.1
2020-07-25,103.3,82.9,102.6,0.0
2020-07-26,107.9,85.1,106.0,0.0
2020-07-27,108.4,86.5,108.9,0.0
2020-07-28,111.2,88.3,113.3,0.0
2020-07-29,113.1,88.0,111.0,0.0
2020-07-30,116.4,89.4,113.2,0.0
2020-07-31,115.0,90.9,116.0,0.0
2020-08-01,108.6,89.9,111.2,0.0
2020-08-02,111.8,90.2,113.6,0.0
2020-08-03,112.2,88.9,111.3,0.0
2020-08-04,109.6,84.5,108.4,0.0
2020-08-05,108.6,86.8,103.7,0.0
2020-08-06,108.1,82.0,104.8,0.0
2020-08-07,107.2,83.8,104.6,0.0
2020-08-08,110.1,85.0,108.8,0.0
2020-08-09,110.5,83.4,107.0,0.0
2020-08-10,110.2,84.3,106.0,0.0
2020-08-11,108.2,85.6,108.1,0.0
2020-08-12,109.2,86.8,110.6,0.0
2020-08-13,112.8,88.6,113.5,0.0
2020-08-14,114.9,87.1,114.5,0.0
2020-08-15,112.3,89.1,113.9,0.0
2020-08-16,112.0,89.2,113.8,0.0
2020-08-17,112.5,86.5,113.8,0.0
2020-08-18,111.7,90.3,112.7,0.0
2020-08-19,112.1,89.8,114.7,0.0
2020-08-20,109.3,92.2,113.0,0.0
2020-08-21,101.6,85.3,101.8,0.0
2020-08-22,105.9,87.0,109.2,0.0
2020-08-23,108.9,89.2,112.9,0.0
2020-08-24,113.5,90.2,115.9,0.0
2020-08-25,111.4,89.4,112.6,0.0
2020-08-26,110.0,87.7,111.6,0.0
2020-08-27,111.3,87.7,112.3,0.0
2020-08-28,109.8,88.6,112.1,0.0
2020-08-29,102.6,87.1,106.3,0.0
2020-08-30,96.2,79.2,102.1,0.3
2020-08-31,99.6,75.0,101.8,0.0
2020-09-01,100.1,83.0,101.0,0.2
2020-09-02,102.7,82.4,102.0,0.0
2020-09-03,107.9,83.8,106.7,0.0
2020-09-04,112.1,82.8,112.2,0.0
2020-09-05,113.5,87.9,110.0,0.0
2020-09-06,111.7,86.4,110.6,0.0
2020-09-07,109.1,80.7,106.6,0.0
2020-09-08,100.9,82.5,101.3,0.0
2020-09-09,89.8,68.8,85.8,0.0
2020-09-10,90.8,68.1,90.5,0.0
2020-09-11,95.6,72.8,95.0,0.0
2020-09-12,98.0,71.1,96.8,0.0
2020-09-13,102.8,74.9,101.8,0.0
2020-09-14,102.2,80.3,99.0,0.0
2020-09-15,101.8,79.4,102.1,0.0
2020-09-16,107.2,75.1,104.3,0.0
2020-09-17,106.9,76.6,104.8,0.0
2020-09-18,104.9,79.8,103.3,0.0
2020-09-19,103.3,81.3,101.3,0.0
2020-09-20,103.3,78.6,102.6,0.0
2020-09-21,103.4,80.3,100.7,0.0
2020-09-22,99.9,81.0,97.9,0.0
2020-09-23,103.4,75.4,101.4,0.0
2020-09-24,104.5,74.3,101.8,0.0
2020-09-25,103.7,76.1,101.5,0.0
2020-09-26,101.8,75.8,98.5,0.0
2020-09-27,100.9,74.4,98.5,0.0
2020-09-28,101.5,72.5,98.5,0.0
2020-09-29,101.3,75.9,97.7,0.0
2020-09-30,103.0,71.2,99.8,0.0
2020-10-01,104.5,73.6,99.7,0.0
2020-10-02,104.9,72.4,99.8,0.0
2020-10-03,104.2,69.7,97.2,0.0
2020-10-04,103.3,67.9,98.5,0.0
2020-10-05,102.9,69.0,97.1,0.0
2020-10-06,102.2,68.0,98.6,0.0
2020-10-07,101.4,67.5,96.9,0.0
2020-10-08,98.6,68.4,94.7,0.0
2020-10-09,96.4,69.4,91.4,0.0
2020-10-10,94.7,67.7,90.1,0.0
2020-10-11,92.4,64.8,89.0,0.0
2020-10-12,96.5,67.1,92.9,0.0
2020-10-13,99.3,66.2,95.4,0.0
2020-10-14,99.3,64.0,93.3,0.0
2020-10-15,98.0,66.3,92.6,0.0
2020-10-16,100.6,71.2,95.9,0.0
2020-10-17,97.0,66.9,90.4,0.0
2020-10-18,95.4,62.4,89.3,0.0
2020-10-19,95.5,63.7,91.0,0.0
2020-10-20,96.0,62.8,89.7,0.0
2020-10-21,94.5,63.4,89.5,0.0
2020-10-22,91.9,62.6,88.2,0.0
2020-10-23,90.1,65.8,89.0,0.0
2020-10-24,87.6,68.3,84.1,0.0
2020-10-25,84.4,66.2,80.7,0.0
2020-10-26,69.7,52.6,64.5,0.0
2020-10-27,65.6,46.7,58.7,0.0
2020-10-28,69.6,45.5,62.9,0.0
2020-10-29,82.6,50.2,77.8,0.0
2020-10-30,86.5,61.2,80.8,0.0
2020-10-31,84.4,57.9,81.8,0.0
2020-11-01,94.5,66.7,85.4,0.0
2020-11-02,93.2,70.8,84.4,0.0
2020-11-03,92.8,67.6,87.7,0.0
2020-11-04,91.2,60.3,87.5,0.0
2020-11-05,96.3,62.1,89.2,0.0
2020-11-06,87.4,74.2,81.1,0.3
2020-11-07,75.9,59.6,69.5,0.4
2020-11-08,64.9,50.3,58.2,0.5
2020-11-09,60.7,50.3,53.2,0.4
2020-11-10,64.8,43.3,57.1,0.0
2020-11-11,68.5,43.3,62.5,0.0
2020-11-12,70.7,43.7,65.0,0.0
2020-11-13,74.6,45.2,67.9,0.0
2020-11-14,73.3,45.1,67.3,0.0
2020-11-15,81.5,47.9,74.2,0.0
2020-11-16,88.5,55.5,80.4,0.0
2020-11-17,89.0,59.5,81.6,0.0
2020-11-18,86.6,56.5,81.8,0.0
2020-11-19,84.2,57.7,79.6,0.0
2020-11-20,85.5,56.8,81.9,0.0
2020-11-21,84.6,59.3,81.8,0.0
2020-11-22,81.8,55.6,79.4,0.0
2020-11-23,76.6,53.7,69.4,0.0
2020-11-24,70.1,51.5,63.6,0.0
2020-11-25,68.5,43.3,62.3,0.0
2020-11-26,69.3,42.6,62.6,0.0
2020-11-27,63.8,42.7,58.2,0.0
2020-11-28,67.6,43.4,61.7,0.0
2020-11-29,71.2,43.5,64.4,0.0
2020-11-30,72.5,53.1,63.6,0.0
2020-12-01,69.4,41.8,62.1,0.0
2020-12-02,67.8,41.3,58.4,0.0
2020-12-03,63.8,46.7,57.0,0.0
2020-12-04,64.9,39.5,57.9,0.0
2020-12-05,68.8,38.1,62.0,0.0
2020-12-06,69.8,40.2,63.7,0.0
2020-12-07,79.5,45.1,67.8,0.0
2020-12-08,80.0,55.0,70.3,0.0
2020-12-09,78.0,54.7,72.0,0.0
2020-12-10,62.8,49.6,55.2,13.4
2020-12-11,61.9,46.0,60.7,0.0
2020-12-12,65.3,44.6,59.6,0.0
2020-12-13,59.5,39.0,51.1,0.0
2020-12-14,60.4,42.6,49.9,0.0
2020-12-15,60.0,37.1,53.0,0.0
2020-12-16,62.2,36.6,54.1,0.0
2020-12-17,64.9,38.1,57.5,0.0
2020-12-18,63.1,37.8,56.5,0.0
2020-12-19,64.4,39.8,58.1,0.0
2020-12-20,66.7,38.5,60.4,0.0
2020-12-21,74.2,42.2,69.4,0.0
2020-12-22,66.7,40.6,60.8,0.0
2020-12-23,67.6,37.6,59.4,0.0
2020-12-24,63.8,40.9,55.2,0.0
2020-12-25,67.4,45.7,60.9,0.0
2020-12-26,66.9,39.7,61.2,0.0
2020-12-27,69.7,40.3,63.9,0.0
2020-12-28,65.0,49.4,56.5,0.5
2020-12-29,58.5,41.8,51.2,0.1
2020-12-30,63.9,41.8,54.2,0.0
2020-12-31,57.9,37.3,51.9,0.0
2021-01-01,63.1,38.6,56.9,0.0
2021-01-02,61.6,35.2,55.3,0.0
2021-01-03,62.4,35.0,56.5,0.0
2021-01-04,66.9,37.3,61.3,0.0
2021-01-05,70.0,38.0,62.3,0.0
2021-01-06,69.6,41.5,63.2,0.0
2021-01-07,69.1,39.1,61.9,0.0
2021-01-08,68.1,38.8,61.2,0.0
2021-01-09,67.0,36.4,55.2,0.0
2021-01-10,64.7,40.4,58.2,0.0
2021-01-11,65.5,46.3,57.8,0.0
2021-01-12,64.7,39.2,57.2,0.0
2021-01-13,66.3,34.3,57.6,0.0
2021-01-14,72.6,36.4,65.5,0.0
2021-01-15,75.5,44.4,68.8,0.0
2021-01-16,76.6,42.4,69.5,0.0
2021-01-17,76.2,45.4,69.3,0.0
2021-01-18,71.2,38.4,63.6,0.0
2021-01-19,73.4,53.3,63.1,1.0
2021-01-20,71.4,55.7,66.9,0.0
2021-01-21,68.7,53.3,66.1,0.4
2021-01-22,66.3,51.7,61.7,3.3
2021-01-23,62.7,50.6,57.1,1.3
2021-01-24,53.8,45.6,48.8,12.1
2021-01-25,53.5,40.9,44.1,11.0
2021-01-26,50.5,36.4,43.5,0.7
2021-01-27,59.0,37.9,50.5,0.0
2021-01-28,69.4,45.2,62.4,0.0
2021-01-29,64.4,43.3,55.8,4.3
2021-01-30,59.5,38.8,56.3,0.0
2021-01-31,68.8,41.4,67.0,0.0
2021-02-01,71.7,52.8,68.0,0.0
2021-02-02,79.1,54.6,77.2,0.0
2021-02-03,77.3,56.8,74.7,0.0
2021-02-04,73.0,53.2,65.0,0.0
2021-02-05,68.6,42.8,62.3,0.0
2021-02-06,71.8,40.5,64.3,0.0
2021-02-07,72.1,41.7,65.4,0.0
2021-02-08,74.7,43.2,68.1,0.0
2021-02-09,74.3,44.4,68.4,0.0
2021-02-10,71.4,48.3,65.9,0.0
2021-02-11,75.3,44.2,69.3,0.0
2021-02-12,71.7,50.5,65.0,0.0
2021-02-13,72.2,45.4,63.7,0.0
2021-02-14,65.9,46.9,58.0,0.0
2021-02-15,66.1,40.7,58.5,0.0
2021-02-16,70.0,48.1,59.8,0.0
2021-02-17,66.1,42.3,54.8,0.0
2021-02-18,63.5,41.8,57.3,0.0
2021-02-19,70.3,42.1,63.7,0.0
2021-02-20,76.6,41.0,66.8,0.0
2021-02-21,68.5,45.1,61.8,0.0
2021-02-22,75.1,44.6,68.5,0.0
2021-02-23,78.6,46.0,71.6,0.0
2021-02-24,78.9,45.1,72.0,0.0
2021-02-25,68.2,48.7,61.4,0.0
2021-02-26,70.6,39.2,63.5,0.0
2021-02-27,71.2,40.1,63.0,0.0
2021-02-28,63.4,43.8,50.7,0.0
2021-03-01,69.6,37.7,61.3,0.0
2021-03-02,78.6,50.5,69.0,0.0
2021-03-03,81.8,47.8,68.6,0.0
2021-03-04,68.7,49.2,64.6,1.0
2021-03-05,80.1,48.0,75.5,0.0
2021-03-06,84.5,57.4,79.2,0.0
2021-03-07,85.6,52.7,79.0,0.0
2021-03-08,83.3,63.2,76.1,0.0
2021-03-09,77.2,58.6,69.0,0.0
2021-03-10,67.6,48.9,59.2,0.0
2021-03-11,66.0,47.3,56.3,0.3
2021-03-12,59.5,46.8,54.1,5.2
2021-03-13,59.1,44.7,52.1,1.8
2021-03-14,66.0,40.3,62.5,0.0
2021-03-15,72.3,43.6,64.9,0.0
2021-03-16,59.8,45.3,52.9,0.2
2021-03-17,70.7,40.6,66.7,0.0
2021-03-18,80.2,46.0,76.0,0.0
2021-03-19,83.5,48.7,79.9,0.0
2021-03-20,84.9,50.4,79.7,0.0
2021-03-21,76.9,55.6,67.7,0.0
2021-03-22,71.5,49.9,63.3,0.0
2021-03-23,66.4,48.8,56.6,1.5
2021-03-24,71.9,46.7,64.5,0.8
2021-03-25,75.0,46.8,62.8,0.0
2021-03-26,63.4,50.9,57.2,0.7
2021-03-27,77.5,48.7,70.6,0.0
2021-03-28,84.3,51.4,80.5,0.0
2021-03-29,88.4,56.3,83.2,0.0
2021-03-30,85.7,55.8,78.6,0.0
2021-03-31,87.5,56.9,80.6,0.0
2021-04-01,95.6,64.3,84.9,0.0
2021-04-02,91.5,69.2,86.6,0.0
2021-04-03,96.0,64.0,92.4,0.0
2021-04-04,97.9,62.9,92.7,0.0
2021-04-05,95.8,66.4,87.9,0.0
2021-04-06,91.1,68.4,83.5,0.0
2021-04-07,91.3,59.2,84.3,0.0
2021-04-08,92.6,62.2,85.8,0.0
2021-04-09,92.8,65.0,87.7,0.0
2021-04-10,93.5,62.2,86.8,0.0
2021-04-11,91.2,61.6,84.9,0.0
2021-04-12,89.9,67.3,85.1,0.0
2021-04-13,89.8,63.7,83.3,0.0
2021-04-14,86.6,60.6,80.5,0.0
2021-04-15,81.9,60.4,73.6,0.0
2021-04-16,82.0,54.9,73.6,0.0
2021-04-17,85.6,58.4,80.8,0.0
2021-04-18,81.1,59.5,74.5,0.0
2021-04-19,86.5,60.6,82.0,0.0
2021-04-20,92.0,58.2,85.3,0.0
2021-04-21,90.1,63.1,79.5,0.0
2021-04-22,81.4,60.9,77.3,0.0
2021-04-23,84.6,60.5,78.4,0.0
2021-04-24,91.0,60.6,85.2,0.0
2021-04-25,93.2,60.6,87.9,0.0
2021-04-26,79.2,64.1,72.1,0.0
2021-04-27,73.8,57.9,68.2,0.8
2021-04-28,80.5,55.0,74.1,0.0
2021-04-29,92.7,58.1,90.4,0.0
2021-04-30,96.4,66.1,91.1,0.0
2021-05-01,99.0,70.3,92.4,0.0
2021-05-02,92.7,67.2,86.4,0.0
2021-05-03,87.9,64.4,83.1,0.0
2021-05-04,92.9,65.6,89.0,0.0
2021-05-05,98.2,69.4,94.8,0.0
2021-05-06,99.8,72.0,96.2,0.0
2021-05-07,95.2,69.7,90.9,0.0
2021-05-08,92.8,67.7,88.1,0.0
2021-05-09,94.5,67.0,89.0,0.0
2021-05-10,94.6,65.9,89.7,0.0
2021-05-11,93.7,65.6,89.2,0.0
2021-05-12,98.4,69.4,94.8,0.0
2021-05-13,100.9,69.5,96.5,0.0
2021-05-14,100.3,70.1,94.7,0.0
2021-05-15,97.1,72.1,90.1,0.0
2021-05-16,90.1,66.4,84.0,0.0
2021-05-17,87.6,65.6,84.4,0.0
2021-05-18,93.5,68.7,88.0,0.0
2021-05-19,99.9,72.2,94.6,0.0
2021-05-20,98.4,72.9,91.7,0.0
2021-05-21,84.7,71.4,75.5,0.7
2021-05-22,81.0,60.4,73.1,0.0
2021-05-23,86.6,57.3,81.5,0.0
2021-05-24,92.9,62.3,88.6,0.0
2021-05-25,97.0,64.9,91.6,0.0
2021-05-26,95.7,70.6,90.1,0.0
2021-05-27,98.3,70.3,94.3,0.0
2021-05-28,100.2,72.8,95.7,0.0
2021-05-29,101.2,71.5,94.3,0.0
2021-05-30,99.6,72.1,95.4,0.0
2021-05-31,100.0,73.0,96.3,0.0
2021-06-01,102.7,75.1,99.1,0.0
2021-06-02,104.8,77.9,98.3,0.0
2021-06-03,105.0,80.8,99.8,0.0
2021-06-04,106.5,78.8,98.7,0.0
2021-06-05,107.1,79.0,99.9,0.0
2021-06-06,103.8,76.6,96.0,0.0
2021-06-07,102.0,71.1,95.6,0.0
2021-06-08,97.4,71.1,91.9,0.0
2021-06-09,101.8,74.8,97.4,0.0
2021-06-10,100.3,75.7,96.2,0.0
2021-06-11,103.8,75.1,98.2,0.0
2021-06-12,109.5,71.6,104.8,0.0
2021-06-13,113.2,77.9,106.3,0.0
2021-06-14,115.6,82.0,108.8,0.0
2021-06-15,115.6,85.8,112.6,0.0
2021-06-16,114.2,88.3,112.5,0.0
2021-06-17,115.9,89.1,113.8,0.0
2021-06-18,115.5,88.9,113.4,0.0
2021-06-19,113.9,88.2,110.3,0.0
2021-06-20,112.5,87.4,107.3,0.0
2021-06-21,107.4,84.1,104.0,0.0
2021-06-22,106.5,84.5,102.2,0.2
2021-06-23,93.6,81.6,94.0,2.6
2021-06-24,99.9,79.5,102.5,0.0
2021-06-25,105.9,83.7,104.1,0.0
2021-06-26,107.4,82.4,105.8,0.0
2021-06-27,111.5,85.9,109.9,0.0
2021-06-28,107.3,86.6,106.7,0.0
2021-06-29,104.3,85.0,105.0,0.0
2021-06-30,103.1,85.2,106.4,0.0
2021-07-01,105.4,84.6,105.8,0.0
2021-07-02,102.1,87.3,104.8,0.0
2021-07-03,103.6,82.5,106.8,9.0
2021-07-04,99.4,80.1,103.7,0.2
2021-07-05,105.0,83.8,106.3,0.0
2021-07-06,109.9,87.4,104.8,0.0
2021-07-07,110.3,86.0,110.2,0.0
2021-07-08,109.9,90.4,113.9,0.0
2021-07-09,109.7,91.1,114.2,0.0
2021-07-10,111.1,91.0,113.0,0.0
2021-07-11,109.8,84.7,111.4,0.0
2021-07-12,107.4,89.1,110.1,0.0
2021-07-13,104.6,87.6,106.9,0.3
2021-07-14,95.5,77.0,100.3,11.9
2021-07-15,104.3,84.2,106.4,0.0
2021-07-16,103.5,84.7,106.1,0.3
2021-07-17,99.8,80.2,106.0,0.2
2021-07-18,99.1,83.5,103.7,2.4
2021-07-19,100.0,81.5,104.7,0.0
2021-07-20,103.2,81.5,107.3,5.0
2021-07-21,101.3,85.2,106.3,2.7
2021-07-22,104.5,82.4,107.1,0.0
2021-07-23,92.8,75.6,96.8,18.8
2021-07-24,80.1,73.4,85.9,90.3
2021-07-25,77.9,72.1,84.8,35.1
2021-07-26,91.3,73.6,98.5,8.5
2021-07-27,97.8,75.6,105.2,0.0
2021-07-28,100.0,76.9,106.2,0.0
2021-07-29,99.1,77.1,105.1,0.0
2021-07-30,94.9,77.6,103.8,0.7
2021-07-31,95.5,76.5,102.4,0.0
2021-08-01,101.0,79.6,106.0,0.0
2021-08-02,106.6,80.0,110.9,0.0
2021-08-03,110.7,85.0,112.6,0.0
2021-08-04,113.0,83.0,113.0,0.0
2021-08-05,108.9,86.3,112.8,0.0
2021-08-06,107.4,87.6,111.7,0.0
2021-08-07,106.2,86.8,108.8,0.0
2021-08-08,105.3,87.0,107.6,0.0
2021-08-09,92.7,81.8,95.2,3.7
2021-08-10,89.9,78.0,96.4,2.6
2021-08-11,86.4,73.7,96.7,45.7
2021-08-12,87.3,74.6,96.8,23.1
2021-08-13,91.0,76.1,99.4,0.9
2021-08-14,89.3,75.2,97.4,2.1
2021-08-15,94.2,77.9,102.8,0.1
2021-08-16,92.8,78.5,103.0,0.5
2021-08-17,90.2,73.0,97.8,7.7
2021-08-18,85.4,74.1,93.1,31.2
2021-08-19,91.7,71.9,97.9,0.0
2021-08-20,93.1,75.0,97.9,0.8
2021-08-21,95.7,73.6,100.5,0.0
2021-08-22,98.3,75.2,101.6,0.0
2021-08-23,102.1,71.1,101.7,0.0
2021-08-24,102.7,72.8,105.4,0.0
2021-08-25,107.3,75.7,109.6,0.0
2021-08-26,110.2,77.9,112.6,0.0
2021-08-27,109.4,82.3,112.0,0.0
2021-08-28,106.1,85.0,110.0,0.0
2021-08-29,105.2,82.8,108.0,0.0
2021-08-30,101.8,85.2,104.9,0.0
2021-08-31,90.6,76.0,91.6,15.2
2021-09-01,89.5,74.7,96.7,5.2
2021-09-02,91.0,75.6,96.8,16.0
2021-09-03,97.6,75.0,102.5,0.0
2021-09-04,103.2,76.2,105.8,0.0
2021-09-05,106.2,80.6,108.1,0.0
2021-09-06,103.5,79.6,107.2,0.0
2021-09-07,107.2,84.0,108.1,0.0
2021-09-08,105.4,82.3,108.2,0.0
2021-09-09,109.5,83.9,105.5,0.0
2021-09-10,105.4,81.7,103.9,0.0
2021-09-11,105.8,83.7,108.1,0.0
2021-09-12,107.7,80.4,107.8,0.0
2021-09-13,107.9,79.5,107.3,0.0
2021-09-14,105.8,82.7,105.4,0.0
2021-09-15,105.6,79.2,101.6,0.0
2021-09-16,104.4,76.1,102.3,0.0
2021-09-17,100.9,80.5,102.0,0.0
2021-09-18,97.3,82.0,97.8,0.0
2021-09-19,99.1,79.1,99.1,0.0
2021-09-20,98.4,71.7,94.6,0.0
2021-09-21,101.1,70.6,99.5,0.0
2021-09-22,103.3,75.8,100.1,0.0
2021-09-23,95.8,74.5,96.3,0.0
2021-09-24,93.3,76.1,90.8,0.0
2021-09-25,92.6,74.4,92.1,0.0
2021-09-26,81.9,69.4,80.6,8.6
2021-09-27,79.7,68.6,83.7,2.6
2021-09-28,86.6,69.1,89.7,0.0
2021-09-29,84.1,67.4,83.9,0.3
2021-09-30,85.5,65.7,83.7,0.0
2021-10-01,88.5,64.0,85.8,0.0
2021-10-02,92.1,66.6,88.9,0.0
2021-10-03,95.3,69.3,93.6,0.0
2021-10-04,97.4,71.6,96.9,0.0
2021-10-05,86.0,72.4,86.3,0.6
2021-10-06,88.6,66.4,85.7,0.0
2021-10-07,91.1,67.7,87.3,0.0
2021-10-08,92.5,68.3,88.2,0.0
2021-10-09,84.4,69.8,78.3,0.0
2021-10-10,83.0,59.4,79.7,0.0
2021-10-11,86.4,57.4,77.7,0.2
2021-10-12,68.5,55.2,60.0,0.0
2021-10-13,74.4,49.7,68.7,0.0
2021-10-14,79.0,50.0,73.3,0.0
2021-10-15,84.5,56.0,75.1,0.0
2021-10-16,92.2,61.5,84.0,0.0
2021-10-17,90.0,64.1,84.8,0.0
2021-10-18,84.5,60.1,78.0,0.0
2021-10-19,78.5,58.1,75.7,0.0
2021-10-20,83.8,57.9,80.9,0.0
2021-10-21,88.9,57.8,84.2,0.0
2021-10-22,88.6,59.0,83.7,0.0
2021-10-23,86.0,57.7,81.0,0.0
2021-10-24,86.2,60.1,83.2,0.0
2021-10-25,90.9,61.7,85.0,0.0
2021-10-26,76.2,59.7,65.7,0.2
2021-10-27,77.9,52.3,70.9,0.0
2021-10-28,87.6,54.1,82.1,0.0
2021-10-29,92.3,60.7,84.7,0.0
2021-10-30,87.3,58.6,81.4,0.0
2021-10-31,86.3,58.6,81.5,0.0
2021-11-01,83.9,58.8,78.7,0.0
2021-11-02,83.4,56.9,78.9,0.0
2021-11-03,85.2,55.0,80.3,0.0
2021-11-04,88.0,60.0,82.2,0.0
2021-11-05,88.3,57.8,83.3,0.0
2021-11-06,88.7,57.5,83.0,0.0
2021-11-07,85.6,55.6,79.6,0.0
2021-11-08,86.2,56.4,80.6,0.0
2021-11-09,81.8,55.6,76.8,0.0
2021-11-10,82.8,55.7,76.1,0.0
2021-11-11,82.9,57.4,76.5,0.0
2021-11-12,87.1,58.2,80.8,0.0
2021-11-13,87.3,55.5,81.4,0.0
2021-11-14,86.1,56.4,80.7,0.0
2021-11-15,85.2,52.8,79.1,0.0
2021-11-16,82.1,51.2,75.5,0.0
2021-11-17,79.3,51.0,72.1,0.0
2021-11-18,82.4,50.5,74.6,0.0
2021-11-19,81.7,57.5,74.9,0.0
2021-11-20,78.5,50.0,72.4,0.0
2021-11-21,83.7,61.0,73.4,0.0
2021-11-22,84.0,57.9,75.1,0.0
2021-11-23,78.9,63.7,74.0,0.3
2021-11-24,74.8,57.6,69.2,0.0
2021-11-25,75.8,55.7,66.7,0.0
2021-11-26,77.7,54.1,71.9,0.0
2021-11-27,74.5,48.4,67.8,0.0
2021-11-28,80.4,48.0,74.8,0.0
2021-11-29,81.5,52.3,75.5,0.0
2021-11-30,80.7,50.5,75.6,0.0
2021-12-01,83.5,51.3,78.3,0.0
2021-12-02,82.0,54.7,77.4,0.0
2021-12-03,78.7,49.6,74.2,0.0
2021-12-04,77.1,49.0,71.8,0.0
2021-12-05,75.2,45.5,69.8,0.0
2021-12-06,75.1,46.9,70.4,0.0
2021-12-07,75.4,49.3,70.0,0.0
2021-12-08,72.3,53.0,67.7,0.0
2021-12-09,70.3,50.5,65.1,4.4
2021-12-10,62.2,51.4,56.8,1.7
2021-12-11,64.7,43.1,58.2,0.0
2021-12-12,70.5,41.6,64.7,0.0
2021-12-13,70.0,43.4,65.6,0.0
2021-12-14,71.8,55.9,65.0,0.1
2021-12-15,58.4,42.8,50.0,1.6
2021-12-16,60.0,36.4,53.1,0.0
2021-12-17,60.2,36.7,54.5,0.0
2021-12-18,66.0,37.8,55.9,0.0
2021-12-19,68.0,43.0,61.0,0.0
2021-12-20,68.0,41.6,63.4,0.0
2021-12-21,67.5,48.3,61.1,0.0
2021-12-22,69.5,42.8,64.9,0.0
2021-12-23,72.0,53.8,66.8,0.0
2021-12-24,62.5,52.5,57.3,24.4
2021-12-25,62.2,51.2,61.4,0.0
2021-12-26,63.1,50.1,59.6,0.3
2021-12-27,58.6,46.2,55.5,0.3
2021-12-28,56.2,40.6,51.8,8.4
2021-12-29,57.8,43.3,53.5,0.5
2021-12-30,59.9,43.3,57.1,0.0
2021-12-31,56.8,47.1,55.2,10.3
2022-01-01,54.5,38.8,47.1,0.6
2022-01-02,56.2,33.4,50.4,0.0
2022-01-03,61.0,36.1,57.5,0.0
2022-01-04,60.4,35.6,56.9,0.0
2022-01-05,62.3,35.3,57.7,0.0
2022-01-06,63.0,37.9,59.4,0.0
2022-01-07,66.2,39.5,63.5,0.0
2022-01-08,65.8,43.4,63.6,0.0
2022-01-09,71.8,42.2,67.3,0.0
2022-01-10,70.9,48.1,61.0,0.0
2022-01-11,70.3,49.0,62.9,0.0
2022-01-12,71.2,43.3,64.6,0.0
2022-01-13,70.7,41.0,64.6,0.0
2022-01-14,72.2,46.0,65.6,0.0
2022-01-15,71.7,46.0,62.2,0.0
2022-01-16,72.1,43.0,65.0,0.0
2022-01-17,69.5,44.0,64.0,0.0
2022-01-18,68.3,47.2,64.4,0.5
2022-01-19,68.0,44.9,64.4,0.0
2022-01-20,69.7,43.3,63.5,0.0
2022-01-21,68.0,42.3,63.3,0.0
2022-01-22,67.3,49.1,58.5,1.3
2022-01-23,68.4,47.0,63.4,0.0
2022-01-24,66.1,41.4,61.3,0.0
2022-01-25,67.3,40.0,59.7,0.0
2022-01-26,66.3,39.0,60.2,0.0
2022-01-27,66.7,36.8,58.7,0.0
2022-01-28,70.5,48.4,59.3,0.0
2022-01-29,73.2,47.8,63.8,0.0
2022-01-30,71.8,50.1,65.0,0.3
2022-01-31,70.5,41.8,62.7,0.0
2022-02-01,66.9,44.2,60.6,0.0
2022-02-02,60.4,45.3,50.6,0.0
2022-02-03,56.1,33.8,48.7,0.0
2022-02-04,64.3,38.1,53.8,0.0
2022-02-05,66.7,39.8,58.7,0.0
2022-02-06,71.5,37.6,61.9,0.0
2022-02-07,70.8,49.6,62.3,0.0
2022-02-08,74.3,43.8,66.6,0.0
2022-02-09,77.6,46.0,70.0,0.0
2022-02-10,80.4,51.6,74.7,0.0
2022-02-11,79.7,48.0,72.9,0.0
2022-02-12,81.5,50.6,72.4,0.0
2022-02-13,79.9,49.7,73.6,0.0
2022-02-14,80.6,46.9,73.2,0.0
2022-02-15,78.3,44.0,68.0,0.0
2022-02-16,64.0,50.2,55.8,2.1
2022-02-17,64.9,43.3,57.9,0.0
2022-02-18,69.4,39.5,62.5,0.0
2022-02-19,76.7,46.4,70.0,0.0
2022-02-20,78.1,46.2,69.9,0.0
2022-02-21,70.3,49.1,59.6,0.0
2022-02-22,65.3,46.4,57.7,0.3
2022-02-23,53.8,39.7,47.0,5.9
2022-02-24,54.7,34.6,50.1,0.0
2022-02-25,61.8,38.2,56.5,0.0
2022-02-26,66.6,37.2,61.4,0.0
2022-02-27,70.5,39.7,62.6,0.0
2022-02-28,80.5,49.2,72.4,0.0
2022-03-01,82.2,49.8,76.7,0.0
2022-03-02,85.9,51.0,79.9,0.0
2022-03-03,86.1,54.7,78.9,0.0
2022-03-04,71.1,54.5,61.7,1.5
2022-03-05,69.9,47.5,58.7,0.4
2022-03-06,62.0,42.0,55.7,0.0
2022-03-07,67.4,39.3,60.2,0.0
2022-03-08,64.6,39.8,58.4,0.0
2022-03-09,70.7,37.9,62.5,0.0
2022-03-10,71.2,42.3,62.0,0.0
2022-03-11,69.0,42.2,62.0,0.0
2022-03-12,76.6,45.7,70.5,0.0
2022-03-13,79.5,44.5,71.2,0.0
2022-03-14,80.0,47.5,75.8,0.0
2022-03-15,85.3,52.9,80.5,0.0
2022-03-16,83.8,52.2,75.2,0.0
2022-03-17,78.7,54.1,73.3,0.0
2022-03-18,82.0,49.0,76.6,0.0
2022-03-19,83.7,51.1,76.1,0.0
2022-03-20,72.3,55.5,65.0,0.2
2022-03-21,76.7,50.6,67.6,0.0
2022-03-22,82.0,50.4,73.4,0.0
2022-03-23,78.8,57.7,73.2,0.0
2022-03-24,86.1,48.5,79.2,0.0
2022-03-25,93.2,55.1,88.5,0.0
2022-03-26,92.8,59.4,86.6,0.0
2022-03-27,94.6,56.7,87.1,0.0
2022-03-28,81.3,62.2,69.4,1.9
2022-03-29,66.3,53.2,60.6,9.9
2022-03-30,75.8,48.7,71.6,0.0
2022-03-31,78.4,51.9,76.8,0.0
2022-04-01,82.2,54.0,80.4,0.0
2022-04-02,86.7,55.1,81.4,0.0
2022-04-03,83.9,58.3,81.2,0.0
2022-04-04,87.1,58.6,80.4,0.0
2022-04-05,91.8,60.4,84.5,0.0
2022-04-06,91.9,65.9,89.1,0.0
2022-04-07,92.7,60.0,86.0,0.0
2022-04-08,96.0,62.1,89.7,0.0
2022-04-09,95.5,61.9,87.0,0.0
2022-04-10,89.0,64.0,82.4,0.0
2022-04-11,85.9,61.3,79.4,0.0
2022-04-12,73.9,58.1,64.1,0.0
2022-04-13,73.9,46.9,66.5,0.0
2022-04-14,82.6,47.4,76.7,0.0
2022-04-15,88.4,52.9,80.9,0.0
2022-04-16,89.5,56.7,82.1,0.0
2022-04-17,91.5,61.7,86.3,0.0
2022-04-18,96.5,56.8,90.2,0.0
2022-04-19,98.2,67.3,89.8,0.0
2022-04-20,89.6,64.6,82.3,0.0
2022-04-21,92.1,61.3,86.0,0.0
2022-04-22,78.1,65.6,70.7,0.0
2022-04-23,81.1,56.4,74.4,0.0
2022-04-24,84.7,61.3,78.5,0.0
2022-04-25,91.2,57.7,88.4,0.0
2022-04-26,97.9,61.5,91.5,0.0
2022-04-27,92.9,63.1,87.1,0.0
2022-04-28,90.0,60.9,82.4,0.0
2022-04-29,89.3,62.7,83.9,0.0
2022-04-30,95.1,59.1,88.5,0.0
2022-05-01,95.2,62.1,85.4,0.0
2022-05-02,92.8,65.0,88.4,0.0
2022-05-03,91.0,65.7,85.0,0.0
2022-05-04,92.3,65.7,85.0,0.0
2022-05-05,95.6,63.7,90.9,0.0
2022-05-06,99.1,64.8,93.2,0.0
2022-05-07,100.8,67.5,92.8,0.0
2022-05-08,93.7,71.7,87.1,0.0
2022-05-09,87.9,63.6,80.6,0.0
2022-05-10,90.0,63.9,85.4,0.0
2022-05-11,87.4,63.9,79.6,0.0
2022-05-12,87.0,55.0,80.9,0.0
2022-05-13,96.5,57.8,91.2,0.0
2022-05-14,103.1,64.6,99.5,0.0
2022-05-15,105.3,66.4,99.6,0.0
2022-05-16,103.2,72.6,97.3,0.0
2022-05-17,99.8,70.0,94.7,0.0
2022-05-18,98.3,72.6,94.2,0.0
2022-05-19,98.7,72.0,92.3,0.0
2022-05-20,97.3,68.6,90.2,0.0
2022-05-21,92.1,67.6,89.5,0.0
2022-05-22,95.2,67.0,90.2,0.0
2022-05-23,94.8,67.1,88.2,0.0
2022-05-24,97.4,70.4,92.6,0.0
2022-05-25,103.2,72.2,99.4,0.0
2022-05-26,104.6,76.9,100.6,0.0
2022-05-27,103.7,75.5,100.1,0.0
2022-05-28,101.5,74.8,93.8,0.0
2022-05-29,93.7,73.0,88.3,0.0
2022-05-30,94.3,69.6,87.6,0.0
2022-05-31,97.3,69.5,92.4,0.0
2022-06-01,99.5,71.2,93.7,0.0
2022-06-02,102.5,73.2,98.7,0.0
2022-06-03,102.1,73.5,96.5,0.0
2022-06-04,100.9,72.2,96.5,0.0
2022-06-05,101.5,75.8,96.6,0.0
2022-06-06,104.4,78.4,100.9,0.0
2022-06-07,106.7,79.5,105.4,0.0
2022-06-08,109.8,81.3,108.0,0.0
2022-06-09,109.0,81.6,107.2,0.0
2022-06-10,112.0,86.8,107.8,0.0
2022-06-11,112.3,87.6,108.7,0.0
2022-06-12,111.7,87.3,106.3,0.0
2022-06-13,105.6,85.5,98.1,0.0
2022-06-14,103.3,79.4,100.2,0.0
2022-06-15,106.1,77.1,102.3,0.0
2022-06-16,111.2,78.8,108.0,0.0
2022-06-17,109.9,84.7,104.0,0.0
2022-06-18,97.7,76.7,96.3,3.0
2022-06-19,99.1,74.8,94.1,0.0
2022-06-20,103.2,70.5,98.5,0.0
2022-06-21,107.5,75.7,105.1,0.0
2022-06-22,104.4,85.1,105.9,0.0
2022-06-23,107.1,86.7,109.5,0.0
2022-06-24,107.5,84.6,106.6,0.0
2022-06-25,105.8,81.8,105.1,0.0
2022-06-26,102.3,83.5,103.4,2.9
2022-06-27,101.8,78.6,104.8,0.7
2022-06-28,107.2,83.8,107.0,0.0
2022-06-29,105.9,87.0,109.9,0.0
2022-06-30,104.1,81.1,109.1,1.5
2022-07-01,108.1,83.8,108.2,0.1
2022-07-02,105.0,84.5,106.0,0.1
2022-07-03,109.9,85.3,106.0,0.0
2022-07-04,102.4,81.1,102.1,0.1
2022-07-05,103.6,80.2,101.7,0.0
2022-07-06,105.1,80.6,100.7,0.0
2022-07-07,107.2,79.4,104.5,0.0
2022-07-08,110.4,83.1,105.7,0.0
2022-07-09,111.7,85.7,108.4,0.0
2022-07-10,111.7,86.9,112.5,0.0
2022-07-11,114.1,91.9,111.2,0.0
2022-07-12,113.0,90.5,110.9,0.0
2022-07-13,110.4,89.8,107.8,0.0
2022-07-14,107.9,88.9,107.3,0.4
2022-07-15,110.4,86.3,113.1,0.0
2022-07-16,112.4,88.3,112.8,0.0
2022-07-17,108.9,87.8,113.5,0.0
2022-07-18,106.4,84.1,107.5,0.0
2022-07-19,109.4,89.2,108.7,0.0
2022-07-20,108.4,88.8,110.3,0.1
2022-07-21,110.0,89.8,110.3,0.0
2022-07-22,113.4,91.5,115.7,0.0
2022-07-23,104.3,80.7,104.7,9.4
2022-07-24,98.7,76.4,102.8,16.6
2022-07-25,94.6,77.5,103.0,3.7
2022-07-26,92.5,74.7,97.8,40.4
2022-07-27,92.2,76.1,97.3,35.0
2022-07-28,91.2,76.3,100.5,33.0
2022-07-29,95.7,77.3,101.0,4.9
2022-07-30,90.9,77.3,100.8,19.0
2022-07-31,97.1,77.5,104.1,3.1
2022-08-01,102.6,80.3,105.3,0.1
2022-08-02,106.1,86.5,108.6,0.0
2022-08-03,104.5,81.8,106.8,1.8
2022-08-04,97.0,78.8,100.4,0.1
2022-08-05,104.2,81.2,107.2,0.0
2022-08-06,108.1,85.0,108.5,0.0
2022-08-07,103.8,86.0,105.4,0.0
2022-08-08,100.9,83.5,106.2,0.4
2022-08-09,97.7,76.4,100.1,1.6
2022-08-10,101.2,79.0,104.4,0.8
2022-08-11,104.4,82.1,108.2,0.0
2022-08-12,93.7,77.8,101.3,10.8
2022-08-13,103.0,79.0,106.2,0.3
2022-08-14,97.3,77.7,103.2,6.8
2022-08-15,101.1,77.4,105.5,0.1
2022-08-16,105.1,83.6,109.7,0.2
2022-08-17,104.6,82.8,109.3,0.0
2022-08-18,101.9,80.4,105.5,3.3
2022-08-19,91.0,77.4,100.6,12.8
2022-08-20,91.9,74.8,97.3,1.6
2022-08-21,93.3,75.7,100.3,1.0
2022-08-22,96.7,75.4,102.0,0.0
2022-08-23,101.7,81.1,106.1,0.0
2022-08-24,100.4,79.3,103.4,0.1
2022-08-25,100.6,82.7,106.9,1.7
2022-08-26,103.2,77.2,104.8,13.3
2022-08-27,104.1,80.2,105.6,0.0
2022-08-28,102.3,78.2,106.1,0.4
2022-08-29,106.8,85.2,105.8,0.0
2022-08-30,109.9,85.5,108.9,0.0
2022-08-31,107.1,85.4,108.0,0.0
2022-09-01,104.5,86.2,107.2,0.0
2022-09-02,105.6,85.7,109.3,0.0
2022-09-03,107.9,84.6,104.7,0.0
2022-09-04,109.1,85.2,107.4,0.0
2022-09-05,109.2,83.0,107.4,0.0
2022-09-06,109.5,85.4,108.3,0.0
2022-09-07,105.5,82.9,107.3,0.0
2022-09-08,103.5,83.1,105.5,0.0
2022-09-09,98.2,76.2,98.7,8.3
2022-09-10,92.4,73.2,96.6,2.9
2022-09-11,101.8,78.8,104.2,0.0
2022-09-12,91.9,75.4,94.9,0.4
2022-09-13,92.6,72.6,94.2,0.4
2022-09-14,96.1,75.9,94.3,0.0
2022-09-15,95.8,75.5,97.2,0.0
2022-09-16,97.1,77.7,97.3,0.0
2022-09-17,100.7,75.5,96.3,0.0
2022-09-18,103.0,69.2,98.4,0.0
2022-09-19,101.8,74.9,101.0,0.0
2022-09-20,92.0,76.3,93.1,5.3
2022-09-21,84.3,74.8,92.9,21.1
2022-09-22,88.7,74.9,95.8,6.7
2022-09-23,94.7,74.5,100.9,0.1
2022-09-24,98.4,70.8,98.7,0.0
2022-09-25,102.0,73.0,99.2,0.0
2022-09-26,103.0,75.6,98.1,0.0
2022-09-27,102.8,81.8,97.6,0.0
2022-09-28,101.8,78.4,99.5,0.3
2022-09-29,96.6,75.2,95.4,0.0
2022-09-30,96.0,72.6,95.7,0.0
2022-10-01,94.6,74.1,95.2,0.0
2022-10-02,93.9,77.6,93.1,0.0
2022-10-03,96.7,75.7,95.6,0.3
2022-10-04,91.0,66.8,90.0,0.0
2022-10-05,92.6,70.2,91.2,0.1
2022-10-06,89.6,72.9,87.6,0.0
2022-10-07,91.6,73.5,88.8,0.0
2022-10-08,87.7,71.1,84.6,2.8
2022-10-09,89.2,67.0,86.2,0.0
2022-10-10,88.9,69.6,88.5,0.0
2022-10-11,90.8,69.4,89.6,0.0
2022-10-12,93.7,68.7,92.1,0.0
2022-10-13,95.5,67.8,93.8,0.0
2022-10-14,95.9,68.4,92.9,0.0
2022-10-15,81.9,64.1,80.5,34.3
2022-10-16,72.6,58.6,73.9,2.6
2022-10-17,80.7,60.7,79.5,0.0
2022-10-18,83.1,62.2,79.8,0.0
2022-10-19,85.9,61.1,82.5,0.0
2022-10-20,88.7,61.7,85.1,0.0
2022-10-21,89.1,61.9,86.4,0.0
2022-10-22,89.2,63.7,83.1,0.0
2022-10-23,76.3,63.2,70.0,0.0
2022-10-24,71.4,52.7,63.9,0.0
2022-10-25,74.8,46.1,68.5,0.0
2022-10-26,77.6,47.3,71.3,0.0
2022-10-27,79.1,47.3,71.9,0.0
2022-10-28,79.7,49.2,71.6,0.0
2022-10-29,81.7,53.7,75.9,0.0
2022-10-30,79.4,51.2,73.0,0.0
2022-10-31,81.1,55.3,74.7,0.0
2022-11-01,81.2,55.8,73.9,0.0
2022-11-02,80.0,54.7,71.6,0.2
2022-11-03,64.1,45.4,61.3,0.5
2022-11-04,62.2,40.4,57.1,0.0
2022-11-05,68.7,42.4,64.0,0.0
2022-11-06,77.2,45.0,71.8,0.0
2022-11-07,78.2,48.7,73.1,0.0
2022-11-08,80.8,47.9,72.1,0.0
2022-11-09,65.8,54.6,62.7,2.3
2022-11-10,66.1,49.0,61.1,0.0
2022-11-11,67.2,46.3,60.1,0.0
2022-11-12,70.3,43.7,64.8,0.0
2022-11-13,66.7,39.2,58.6,0.0
2022-11-14,63.7,40.0,59.6,0.0
2022-11-15,69.9,36.9,63.1,0.0
2022-11-16,70.5,42.3,60.2,0.0
2022-11-17,70.7,44.9,62.6,0.0
2022-11-18,69.6,41.7,62.5,0.0
2022-11-19,73.2,41.6,66.7,0.0
2022-11-20,71.1,50.9,65.2,0.0
2022-11-21,73.0,46.3,65.6,0.0
2022-11-22,73.2,45.9,67.8,0.0
2022-11-23,70.8,38.7,63.9,0.0
2022-11-24,69.6,48.3,58.9,0.0
2022-11-25,70.2,46.8,63.2,0.0
2022-11-26,67.6,39.5,59.2,0.0
2022-11-27,67.4,37.0,60.3,0.0
2022-11-28,69.8,42.1,63.2,0.0
2022-11-29,65.3,40.5,62.5,0.0
2022-11-30,70.5,44.2,65.5,0.0
2022-12-01,70.6,41.5,66.6,0.0
2022-12-02,66.6,49.1,63.7,0.0
2022-12-03,58.9,47.5,56.3,25.5
2022-12-04,65.5,57.4,67.8,7.0
2022-12-05,68.0,57.7,67.2,1.2
2022-12-06,64.6,50.1,64.8,0.5
2022-12-07,63.2,51.2,59.1,2.4
2022-12-08,62.7,41.9,59.1,0.0
2022-12-09,62.1,40.5,56.6,0.0
2022-12-10,61.9,35.8,58.7,0.0
2022-12-11,66.3,37.2,62.1,0.0
2022-12-12,54.8,43.5,50.0,18.3
2022-12-13,51.5,37.9,45.5,0.4
2022-12-14,52.3,33.4,47.0,0.0
2022-12-15,53.8,32.3,48.6,0.0
2022-12-16,57.3,36.5,51.8,0.0
2022-12-17,57.3,32.0,51.1,0.0
2022-12-18,58.5,41.0,53.4,0.0
2022-12-19,59.3,33.2,55.0,0.0
2022-12-20,60.3,37.9,56.3,0.0
2022-12-21,61.4,33.4,56.5,0.0
2022-12-22,61.3,34.7,57.2,0.0
2022-12-23,64.3,37.6,59.3,0.0
2022-12-24,66.5,37.9,62.0,0.0
2022-12-25,72.3,44.0,67.3,0.0
2022-12-26,72.7,41.5,68.3,0.0
2022-12-27,72.1,45.6,66.5,0.0
2022-12-28,62.4,50.1,58.5,11.5
2022-12-29,60.6,46.9,58.8,0.9
2022-12-30,60.7,51.6,59.5,5.4
2022-12-31,65.5,47.0,64.1,0.0
2023-01-01,57.4,42.4,52.9,15.3
2023-01-02,55.9,41.6,50.0,5.3
2023-01-03,59.3,42.8,54.0,0.1
2023-01-04,62.8,43.2,59.0,0.0
2023-01-05,66.1,44.9,62.9,0.2
2023-01-06,61.4,44.1,58.9,0.0
2023-01-07,64.6,39.5,59.2,0.0
2023-01-08,66.0,39.4,63.2,0.0
2023-01-09,65.4,40.1,63.2,0.0
2023-01-10,68.6,43.4,64.3,0.0
2023-01-11,63.5,45.1,59.4,0.0
2023-01-12,70.6,40.6,62.1,0.0
2023-01-13,75.3,46.6,69.0,0.0
2023-01-14,64.9,42.4,59.9,0.2
2023-01-15,57.7,49.9,56.0,8.6
2023-01-16,56.6,49.8,53.1,26.3
2023-01-17,55.8,46.0,48.8,8.2
2023-01-18,56.6,39.0,52.6,0.0
2023-01-19,56.4,36.7,52.7,0.0
2023-01-20,54.8,40.3,47.0,0.0
2023-01-21,55.8,35.0,50.3,0.0
2023-01-22,55.9,34.1,51.7,0.0
2023-01-23,47.2,33.8,41.4,0.0
2023-01-24,52.8,31.6,48.3,0.0
2023-01-25,57.6,31.8,52.3,0.0
2023-01-26,60.0,35.2,50.9,0.0
2023-01-27,59.9,33.7,53.5,0.0
2023-01-28,62.0,33.4,56.2,0.0
2023-01-29,69.3,35.1,59.3,0.0
2023-01-30,59.4,44.2,54.9,0.8
2023-01-31,58.6,43.3,54.8,2.5
2023-02-01,63.4,40.1,56.9,0.0
2023-02-02,64.9,39.4,59.6,0.0
2023-02-03,73.1,44.2,68.5,0.0
2023-02-04,72.3,42.4,70.5,0.0
2023-02-05,72.1,41.1,66.2,0.0
2023-02-06,66.8,44.4,57.4,0.0
2023-02-07,66.6,38.7,57.2,0.0
2023-02-08,66.6,40.2,60.0,0.0
2023-02-09,67.7,36.4,57.1,0.0
2023-02-10,71.1,45.5,60.2,0.0
2023-02-11,76.1,49.2,65.3,0.0
2023-02-12,76.0,46.9,66.6,0.0
2023-02-13,56.0,44.8,51.9,4.8
2023-02-14,62.0,39.0,50.0,3.4
2023-02-15,53.4,37.2,42.5,0.0
2023-02-16,56.6,31.6,48.3,0.0
2023-02-17,65.1,40.1,55.9,0.0
2023-02-18,71.8,49.9,65.5,0.0
2023-02-19,73.9,45.5,67.5,0.0
2023-02-20,74.4,49.1,71.8,0.0
2023-02-21,63.2,53.2,59.6,9.1
2023-02-22,56.6,42.9,48.1,4.3
2023-02-23,58.7,43.0,51.1,0.0
2023-02-24,63.6,40.8,60.2,0.0
2023-02-25,74.2,46.7,63.8,0.0
2023-02-26,59.7,44.0,49.9,4.9
2023-02-27,61.3,36.2,56.6,0.0
2023-02-28,63.4,38.3,56.0,0.0
2023-03-01,60.9,41.6,50.8,15.0
2023-03-02,51.8,34.1,47.5,0.5
2023-03-03,57.7,36.7,53.8,0.0
2023-03-04,66.0,38.2,61.6,0.0
2023-03-05,70.2,41.1,65.9,0.0
2023-03-06,70.9,46.0,68.5,0.0
2023-03-07,72.6,52.1,69.4,0.0
2023-03-08,75.2,41.1,70.7,0.0
2023-03-09,71.2,43.6,66.3,0.0
2023-03-10,78.9,45.0,73.8,0.0
2023-03-11,77.9,60.1,74.5,0.1
2023-03-12,80.4,52.8,72.9,0.0
2023-03-13,79.8,49.4,72.7,0.0
2023-03-14,79.6,49.5,74.4,0.0
2023-03-15,64.9,53.7,62.7,25.1
2023-03-16,67.2,51.4,66.1,3.9
2023-03-17,68.4,46.4,66.2,0.2
2023-03-18,71.9,47.3,66.5,0.0
2023-03-19,70.3,51.4,66.4,0.0
2023-03-20,73.0,51.3,68.4,0.0
2023-03-21,63.7,57.2,61.5,12.7
2023-03-22,60.9,48.5,57.4,4.5
2023-03-23,64.7,43.5,61.6,0.0
2023-03-24,65.7,45.0,58.2,0.0
2023-03-25,68.4,41.5,65.1,0.0
2023-03-26,66.8,41.8,61.8,0.0
2023-03-27,70.4,40.3,65.5,0.0
2023-03-28,80.1,44.7,74.4,0.0
2023-03-29,80.2,47.3,72.6,0.0
2023-03-30,67.0,54.7,55.3,0.3
2023-03-31,69.8,44.0,65.1,0.0
2023-04-01,80.1,46.6,76.5,0.0
2023-04-02,81.8,49.6,75.8,0.0
2023-04-03,79.1,53.1,70.0,0.0
2023-04-04,61.6,44.1,49.5,0.0
2023-04-05,67.7,38.7,61.2,0.0
2023-04-06,79.0,45.1,74.1,0.0
2023-04-07,82.7,49.6,76.8,0.0
2023-04-08,84.2,51.0,80.5,0.0
2023-04-09,89.8,54.9,85.7,0.0
2023-04-10,97.6,62.1,92.5,0.0
2023-04-11,97.4,65.5,91.9,0.0
2023-04-12,94.8,68.6,87.0,0.0
2023-04-13,84.7,63.0,78.9,0.0
2023-04-14,78.0,56.6,73.2,0.0
2023-04-15,84.6,54.1,81.6,0.0
2023-04-16,90.5,57.7,87.1,0.0
2023-04-17,90.6,63.2,85.4,0.0
2023-04-18,86.3,60.3,78.7,0.0
2023-04-19,81.1,60.0,74.2,0.0
2023-04-20,84.4,53.4,79.1,0.0
2023-04-21,89.7,58.6,84.3,0.0
2023-04-22,92.2,62.4,87.6,0.0
2023-04-23,93.4,65.4,87.7,0.0
2023-04-24,91.7,66.0,86.5,0.0
2023-04-25,89.7,64.0,83.3,0.0
2023-04-26,88.9,63.1,84.3,0.0
2023-04-27,94.6,62.3,89.3,0.0
2023-04-28,98.1,67.8,93.2,0.0
2023-04-29,98.9,66.7,95.5,0.0
2023-04-30,101.9,64.3,97.0,0.0
2023-05-01,95.6,70.6,86.1,0.0
2023-05-02,90.1,61.4,85.0,0.0
2023-05-03,87.5,65.6,80.7,0.0
2023-05-04,80.2,61.3,74.5,0.0
2023-05-05,80.4,57.7,76.5,0.0
2023-05-06,85.3,59.5,80.8,0.0
2023-05-07,88.7,61.4,83.9,0.0
2023-05-08,91.6,61.3,87.0,0.0
2023-05-09,92.6,65.2,88.1,0.0
2023-05-10,80.1,64.6,73.9,0.1
2023-05-11,88.9,57.5,84.9,0.0
2023-05-12,95.5,65.4,91.7,0.0
2023-05-13,97.4,68.9,92.6,0.0
2023-05-14,98.2,73.4,95.0,0.0
2023-05-15,100.9,76.3,97.5,0.0
2023-05-16,100.1,76.7,98.9,0.0
2023-05-17,99.0,74.3,95.6,0.0
2023-05-18,97.8,75.7,91.8,0.1
2023-05-19,92.3,72.3,92.3,0.0
2023-05-20,94.6,69.4,94.1,0.0
2023-05-21,99.7,74.4,98.0,0.0
2023-05-22,99.5,74.8,96.9,0.0
2023-05-23,100.4,73.3,94.6,0.0
2023-05-24,97.2,72.0,92.0,0.0
2023-05-25,98.2,70.9,92.2,0.0
2023-05-26,95.3,69.4,90.1,0.0
2023-05-27,96.0,68.4,90.2,0.0
2023-05-28,97.7,68.7,91.9,0.0
2023-05-29,98.9,70.6,93.3,0.0
2023-05-30,98.0,69.3,91.8,0.0
2023-05-31,88.3,66.4,82.6,0.0
2023-06-01,89.9,65.3,88.9,0.0
2023-06-02,94.3,69.4,92.1,0.0
2023-06-03,99.1,72.1,98.5,0.0
2023-06-04,102.0,76.1,98.2,0.0
2023-06-05,104.4,74.5,96.2,0.0
2023-06-06,99.2,70.6,92.9,0.0
2023-06-07,94.6,66.6,89.5,0.0
2023-06-08,94.6,66.7,87.5,0.0
2023-06-09,95.3,67.0,89.3,0.0
2023-06-10,100.0,68.5,93.1,0.0
2023-06-11,90.3,69.9,84.7,0.0
2023-06-12,90.8,67.6,88.0,0.0
2023-06-13,94.8,70.2,92.8,0.0
2023-06-14,98.2,73.9,94.7,0.0
2023-06-15,98.0,72.4,93.7,0.0
2023-06-16,100.9,73.9,95.3,0.0
2023-06-17,103.2,73.9,100.7,0.0
2023-06-18,105.6,78.4,98.9,0.0
2023-06-19,102.6,77.6,93.4,0.0
2023-06-20,101.3,76.9,96.6,0.0
2023-06-21,102.9,74.0,98.0,0.0
2023-06-22,102.8,73.7,97.5,0.0
2023-06-23,98.9,74.2,93.4,0.0
2023-06-24,103.0,67.7,97.4,0.0
2023-06-25,108.0,74.8,103.5,0.0
2023-06-26,109.7,83.8,103.9,0.0
2023-06-27,106.3,79.3,99.0,0.0
2023-06-28,105.7,76.6,101.5,0.0
2023-06-29,104.5,75.7,101.1,0.0
2023-06-30,107.4,78.3,103.1,0.0
2023-07-01,110.2,78.4,106.0,0.0
2023-07-02,111.7,81.0,104.3,0.0
2023-07-03,113.1,83.9,106.6,0.0
2023-07-04,110.1,84.8,104.5,0.0
2023-07-05,107.7,83.5,101.2,0.0
2023-07-06,112.6,82.0,109.4,0.0
2023-07-07,109.2,82.0,103.9,0.0
2023-07-08,110.8,83.0,109.1,0.0
2023-07-09,109.0,85.7,106.7,0.0
2023-07-10,109.4,86.4,109.9,0.0
2023-07-11,109.3,89.2,111.5,0.0
2023-07-12,110.2,91.5,111.6,0.0
2023-07-13,111.9,91.6,110.7,0.0
2023-07-14,113.1,90.3,111.0,0.0
2023-07-15,115.0,90.0,111.8,0.0
2023-07-16,111.7,90.9,112.5,0.0
2023-07-17,112.9,89.9,113.6,0.0
2023-07-18,115.4,92.0,116.5,0.0
2023-07-19,115.8,92.4,113.6,0.0
2023-07-20,116.2,89.5,114.7,0.0
2023-07-21,114.6,89.2,112.5,0.0
2023-07-22,112.8,92.4,115.2,0.0
2023-07-23,111.0,89.4,111.8,0.0
2023-07-24,110.5,90.1,113.6,0.0
2023-07-25,115.1,88.9,115.8,0.0
2023-07-26,113.7,91.9,113.2,0.0
2023-07-27,111.8,86.5,109.3,0.0
2023-07-28,110.3,91.8,113.1,0.0
2023-07-29,109.2,90.4,111.2,0.0
2023-07-30,107.3,91.4,109.2,0.2
2023-07-31,103.5,80.3,103.6,0.4
2023-08-01,104.6,82.0,105.5,0.0
2023-08-02,106.1,87.2,106.7,0.0
2023-08-03,109.9,87.5,110.1,0.0
2023-08-04,111.0,82.1,107.9,0.0
2023-08-05,112.8,87.5,108.7,0.0
2023-08-06,109.8,86.0,108.8,0.0
2023-08-07,109.0,88.3,110.5,0.0
2023-08-08,104.8,86.9,107.3,0.3
2023-08-09,103.7,79.6,105.2,0.2
2023-08-10,107.2,83.9,107.7,0.0
2023-08-11,103.9,85.4,105.4,0.0
2023-08-12,104.5,82.7,103.7,0.0
2023-08-13,105.0,83.3,106.2,0.0
2023-08-14,106.5,82.9,108.6,0.0
2023-08-15,107.2,88.1,110.2,0.0
2023-08-16,111.3,88.4,112.1,0.0
2023-08-17,108.1,86.4,113.2,0.0
2023-08-18,103.9,84.6,106.7,0.0
2023-08-19,94.7,81.1,96.7,0.4
2023-08-20,100.2,79.1,98.0,2.0
2023-08-21,88.8,73.3,94.7,19.6
2023-08-22,99.3,73.6,103.9,0.0
2023-08-23,104.6,80.4,104.7,0.0
2023-08-24,102.1,80.3,104.3,0.0
2023-08-25,108.2,82.8,108.8,0.0
2023-08-26,109.6,85.6,111.8,0.0
2023-08-27,110.1,87.1,111.9,0.0
2023-08-28,113.2,88.9,115.5,0.0
2023-08-29,113.0,89.4,113.7,0.0
2023-08-30,110.2,88.6,111.6,0.0
2023-08-31,105.4,83.4,106.4,0.6
2023-09-01,92.8,75.7,92.4,2.0
2023-09-02,91.4,75.7,96.2,0.8
2023-09-03,95.2,74.3,100.6,0.0
2023-09-04,96.2,78.4,98.5,0.0
2023-09-05,99.9,69.9,97.9,0.0
2023-09-06,103.4,72.7,101.0,0.0
2023-09-07,106.7,76.1,103.0,0.0
2023-09-08,108.5,83.3,104.5,0.0
2023-09-09,110.8,84.7,109.3,0.0
2023-09-10,111.8,84.5,111.0,0.0
2023-09-11,104.9,84.0,100.8,0.0
2023-09-12,98.4,75.5,99.3,6.9
2023-09-13,91.1,72.9,93.1,3.4
2023-09-14,97.2,72.0,97.4,0.0
2023-09-15,99.3,70.8,98.3,0.0
2023-09-16,102.3,72.5,100.6,0.0
2023-09-17,102.4,75.2,98.9,0.0
2023-09-18,100.9,73.0,96.6,0.0
2023-09-19,97.8,70.8,92.2,0.0
2023-09-20,100.0,69.4,93.4,0.0
2023-09-21,97.6,67.8,92.4,0.0
2023-09-22,95.9,68.7,90.6,0.0
2023-09-23,93.2,72.7,89.5,0.0
2023-09-24,96.9,67.9,95.9,0.0
2023-09-25,100.0,68.1,98.1,0.0
2023-09-26,102.6,69.7,98.9,0.0
2023-09-27,102.6,67.6,98.0,0.0
2023-09-28,101.8,71.2,97.2,0.0
2023-09-29,100.9,68.5,94.8,0.0
2023-09-30,97.9,70.1,88.8,0.0
2023-10-01,87.1,68.9,83.8,0.1
2023-10-02,84.4,64.8,80.5,0.0
2023-10-03,86.5,61.2,84.2,0.0
2023-10-04,91.8,60.6,87.5,0.0
2023-10-05,97.2,65.0,92.4,0.0
2023-10-06,102.7,70.0,97.7,0.0
2023-10-07,102.0,78.4,95.3,0.0
2023-10-08,98.0,74.8,95.1,0.0
2023-10-09,98.2,71.6,95.4,0.0
2023-10-10,96.3,69.2,92.3,0.0
2023-10-11,91.0,68.8,88.9,0.0
2023-10-12,87.9,62.9,83.1,0.0
2023-10-13,87.8,59.7,84.2,0.0
2023-10-14,91.6,63.0,89.3,0.0
2023-10-15,98.6,63.1,94.2,0.0
2023-10-16,101.7,67.6,97.8,0.0
2023-10-17,98.5,70.4,94.1,0.0
2023-10-18,98.5,65.0,94.1,0.0
2023-10-19,102.2,64.9,96.5,0.0
2023-10-20,101.5,66.7,96.8,0.0
2023-10-21,98.7,65.3,92.4,0.0
2023-10-22,94.2,64.5,89.8,0.0
2023-10-23,86.0,67.4,83.3,0.0
2023-10-24,82.1,64.0,79.2,0.0
2023-10-25,82.6,62.2,79.7,0.0
2023-10-26,82.6,63.4,79.6,0.0
2023-10-27,84.8,59.6,82.0,0.0
2023-10-28,84.3,60.6,80.0,0.0
2023-10-29,78.4,55.4,69.8,0.0
2023-10-30,78.3,48.9,69.8,0.0
2023-10-31,81.1,54.3,70.2,0.0
2023-11-01,82.0,53.7,74.9,0.0
2023-11-02,82.9,50.4,77.9,0.0
2023-11-03,84.3,49.4,78.6,0.0
2023-11-04,87.5,51.2,80.4,0.0
2023-11-05,90.0,53.5,84.1,0.0
2023-11-06,89.9,55.9,84.3,0.0
2023-11-07,86.2,56.0,80.7,0.0
2023-11-08,77.9,54.9,70.8,0.0
2023-11-09,75.1,49.9,68.7,0.0
2023-11-10,74.5,50.4,68.7,0.0
2023-11-11,79.1,50.2,72.4,0.0
2023-11-12,82.4,53.1,75.7,0.0
2023-11-13,85.6,57.9,79.7,0.0
2023-11-14,86.5,64.0,81.0,0.0
2023-11-15,86.6,63.1,81.6,0.0
2023-11-16,75.7,63.1,74.5,6.3
2023-11-17,78.4,57.6,79.2,0.0
2023-11-18,74.4,60.4,73.5,15.7
2023-11-19,71.8,55.0,66.8,0.0
2023-11-20,71.8,46.3,66.9,0.0
2023-11-21,75.4,51.1,70.1,0.0
2023-11-22,74.2,48.1,68.1,0.0
2023-11-23,71.0,46.9,63.7,0.0
2023-11-24,69.8,48.1,63.1,0.3
2023-11-25,66.8,47.7,60.7,0.0
2023-11-26,70.2,42.4,61.9,0.0
2023-11-27,73.0,51.2,65.8,0.0
2023-11-28,76.4,50.8,70.9,0.0
2023-11-29,70.4,47.0,65.0,0.1
2023-11-30,64.4,48.0,58.1,0.9
2023-12-01,63.0,45.8,58.0,2.1
2023-12-02,63.5,42.1,59.9,0.0
2023-12-03,65.9,39.6,61.7,0.0
2023-12-04,68.5,40.3,62.4,0.0
2023-12-05,80.1,45.0,73.3,0.0
2023-12-06,80.6,50.1,73.4,0.0
2023-12-07,73.9,46.0,69.0,0.0
2023-12-08,69.2,40.8,62.7,0.0
2023-12-09,65.4,42.5,56.1,0.0
2023-12-10,71.3,38.3,63.1,0.0
2023-12-11,69.4,39.3,63.1,0.0
2023-12-12,68.8,46.1,61.2,0.0
2023-12-13,67.5,39.0,60.3,0.0
2023-12-14,66.8,38.8,60.9,0.0
2023-12-15,73.9,41.9,67.9,0.0
2023-12-16,78.4,49.9,68.6,0.0
2023-12-17,77.9,46.2,71.0,0.0
2023-12-18,77.7,48.8,70.4,0.0
2023-12-19,72.1,52.3,66.1,0.0
2023-12-20,68.7,53.5,62.7,12.2
2023-12-21,72.0,49.8,70.7,0.0
2023-12-22,59.8,52.8,57.5,18.7
2023-12-23,59.8,48.1,57.4,4.0
2023-12-24,60.2,43.5,57.6,0.0
2023-12-25,60.2,42.4,56.6,0.0
2023-12-26,59.5,39.6,54.9,0.0
2023-12-27,61.0,37.7,56.9,0.0
2023-12-28,62.6,39.5,58.8,0.0
2023-12-29,67.9,39.7,60.5,0.0
2023-12-30,70.2,44.4,63.4,0.0
2023-12-31,61.2,41.0,58.6,0.0
2024-01-01,64.4,42.3,61.1,0.0
2024-01-02,61.7,39.4,58.1,0.0
2024-01-03,61.4,39.0,57.3,0.8
2024-01-04,58.1,41.4,51.3,0.6
2024-01-05,56.5,36.4,51.0,0.0
2024-01-06,58.5,34.9,52.2,0.0
2024-01-07,52.5,40.2,40.8,1.9
2024-01-08,50.2,32.3,44.6,0.0
2024-01-09,51.7,30.8,45.4,0.0
2024-01-10,55.8,30.7,49.9,0.0
2024-01-11,57.1,33.6,42.6,1.3
2024-01-12,54.1,30.1,47.5,0.0
2024-01-13,59.4,31.2,53.6,0.0
2024-01-14,63.1,36.3,56.5,0.0
2024-01-15,64.2,34.9,60.5,0.0
2024-01-16,66.3,36.5,62.7,0.0
2024-01-17,68.0,38.7,62.6,0.0
2024-01-18,72.2,41.6,66.5,0.0
2024-01-19,75.5,45.2,69.0,0.0
2024-01-20,72.2,47.4,66.1,0.0
2024-01-21,56.4,50.0,53.9,4.6
2024-01-22,62.4,45.2,59.4,11.3
2024-01-23,57.9,48.9,57.0,25.0
2024-01-24,61.5,47.8,59.3,0.1
2024-01-25,62.9,44.7,59.8,0.1
2024-01-26,64.6,42.6,60.8,0.0
2024-01-27,69.1,42.5,65.4,0.0
2024-01-28,73.0,46.8,67.1,0.0
2024-01-29,75.0,47.2,70.2,0.0
2024-01-30,75.1,46.1,72.4,0.0
2024-01-31,76.0,48.0,73.0,0.0
2024-02-01,76.3,52.3,68.4,8.8
2024-02-02,60.6,45.1,52.3,14.0
2024-02-03,60.8,40.6,55.5,0.0
2024-02-04,65.1,40.6,58.9,0.0
2024-02-05,73.6,43.8,67.4,0.0
2024-02-06,61.2,51.6,58.2,10.3
2024-02-07,56.3,44.7,52.1,14.0
2024-02-08,56.0,39.5,48.4,3.0
2024-02-09,55.6,35.6,51.4,0.0
2024-02-10,54.8,40.7,49.1,6.5
2024-02-11,56.6,37.8,52.5,0.0
2024-02-12,61.3,36.6,56.8,0.0
2024-02-13,65.3,39.1,62.0,0.0
2024-02-14,65.0,39.5,62.5,0.0
2024-02-15,68.0,40.8,65.5,0.0
2024-02-16,68.3,41.9,65.5,0.0
2024-02-17,70.5,44.0,67.5,0.0
2024-02-18,72.1,45.1,69.9,0.4
2024-02-19,75.1,46.9,70.8,0.0
2024-02-20,75.6,46.9,71.6,0.0
2024-02-21,70.0,47.5,66.1,0.0
2024-02-22,71.5,47.4,68.3,0.0
2024-02-23,77.0,47.9,70.3,0.0
2024-02-24,76.6,49.8,73.7,0.0
2024-02-25,80.4,50.3,76.6,0.0
2024-02-26,73.3,57.0,68.0,0.0
2024-02-27,74.4,54.1,69.0,0.0
2024-02-28,74.9,49.9,69.3,0.1
2024-02-29,73.6,48.4,69.0,0.0
2024-03-01,76.6,48.3,70.8,0.0
2024-03-02,74.9,46.8,67.2,0.0
2024-03-03,70.6,50.7,63.5,0.0
2024-03-04,71.2,47.8,63.8,0.0
2024-03-05,73.8,45.9,69.2,0.0
2024-03-06,73.6,49.6,68.0,0.0
2024-03-07,63.4,49.4,59.9,5.7
2024-03-08,66.9,47.4,64.3,1.0
2024-03-09,71.3,46.9,67.7,0.0
2024-03-10,77.1,47.9,71.8,0.0
2024-03-11,79.0,50.6,74.4,0.0
2024-03-12,76.4,47.4,71.1,0.0
2024-03-13,75.9,48.6,66.9,0.0
2024-03-14,70.5,47.5,65.9,0.8
2024-03-15,62.0,48.3,59.1,10.1
2024-03-16,63.1,43.7,59.0,0.0
2024-03-17,65.1,46.7,62.8,0.5
2024-03-18,68.5,46.1,63.6,0.0
2024-03-19,72.2,47.2,72.4,0.0
2024-03-20,74.6,47.9,72.1,0.2
2024-03-21,79.9,49.9,74.7,0.0
2024-03-22,82.4,52.3,78.9,0.0
2024-03-23,80.9,55.1,73.6,0.0
2024-03-24,65.3,50.9,56.2,7.0
2024-03-25,69.5,44.2,60.9,0.5
2024-03-26,69.0,48.2,64.5,0.2
2024-03-27,74.4,45.7,71.1,0.0
2024-03-28,80.9,49.0,75.8,0.0
2024-03-29,83.3,52.2,76.3,0.0
2024-03-30,82.7,55.9,71.4,0.0
2024-03-31,60.4,50.2,57.0,15.1
2024-04-01,60.5,48.7,60.2,5.1
2024-04-02,72.1,45.6,70.4,0.0
2024-04-03,76.9,47.9,76.8,0.0
2024-04-04,84.4,49.7,78.8,0.0
2024-04-05,65.3,52.4,57.1,0.0
2024-04-06,64.4,45.3,61.6,0.0
2024-04-07,72.5,42.1,69.5,0.0
2024-04-08,75.1,46.9,70.1,0.0
2024-04-09,83.7,48.8,79.4,0.0
2024-04-10,84.5,49.7,80.3,0.0
2024-04-11,90.7,52.7,86.7,0.0
2024-04-12,91.9,58.0,84.1,0.0
2024-04-13,87.9,57.6,81.1,0.0
2024-04-14,81.1,56.8,76.8,0.0
2024-04-15,76.6,52.9,68.7,0.0
2024-04-16,85.9,53.1,81.0,0.0
2024-04-17,90.9,55.7,86.5,0.0
2024-04-18,91.3,57.2,86.7,0.0
2024-04-19,92.8,58.8,87.7,0.0
2024-04-20,93.3,63.5,89.5,0.0
2024-04-21,96.2,63.2,93.0,0.0
2024-04-22,97.2,63.9,91.8,0.0
2024-04-23,94.9,64.5,89.0,0.0
2024-04-24,92.1,62.8,86.5,0.0
2024-04-25,81.9,62.0,74.4,0.0
2024-04-26,79.3,61.3,72.4,0.1
2024-04-27,80.7,58.1,74.7,0.0
2024-04-28,85.5,57.3,81.2,0.0
2024-04-29,90.1,59.2,85.5,0.0
2024-04-30,93.5,64.3,88.1,0.0
2024-05-01,91.3,63.1,87.7,0.0
2024-05-02,91.0,63.4,88.6,0.0
2024-05-03,91.6,66.6,86.5,0.0
2024-05-04,93.5,66.1,87.5,0.0
2024-05-05,83.8,66.8,76.4,0.0
2024-05-06,85.2,58.6,77.5,0.0
2024-05-07,89.6,58.1,82.7,0.0
2024-05-08,89.9,61.3,84.2,0.0
2024-05-09,86.5,59.0,78.1,0.0
2024-05-10,90.1,60.2,84.8,0.0
2024-05-11,92.8,62.0,83.6,0.0
2024-05-12,92.7,64.9,89.1,0.0
2024-05-13,98.1,66.9,94.4,0.0
2024-05-14,97.5,70.3,94.4,0.0
2024-05-15,95.7,70.3,91.3,0.0
2024-05-16,94.8,72.1,89.3,0.0
2024-05-17,100.3,71.2,96.8,0.0
2024-05-18,100.7,74.0,95.5,0.0
2024-05-19,97.4,72.5,89.4,0.0
2024-05-20,88.9,69.2,80.9,0.0
2024-05-21,94.2,62.7,88.5,0.0
2024-05-22,94.6,62.9,89.0,0.0
2024-05-23,94.6,64.6,89.2,0.0
2024-05-24,97.3,67.7,92.4,0.0
2024-05-25,88.7,68.5,81.2,0.0
2024-05-26,95.6,66.7,92.7,0.0
2024-05-27,100.4,71.4,96.8,0.0
2024-05-28,103.7,72.4,100.0,0.0
2024-05-29,101.1,72.1,97.0,0.0
2024-05-30,101.8,71.1,98.6,0.0
2024-05-31,103.1,72.0,98.5,0.0
2024-06-01,103.9,72.1,99.1,0.0
2024-06-02,101.2,72.5,97.2,0.0
2024-06-03,100.9,72.0,96.3,0.0
2024-06-04,103.0,75.1,99.4,0.0
2024-06-05,106.3,77.0,101.1,0.0
2024-06-06,109.5,79.6,105.3,0.0
2024-06-07,109.7,82.0,106.0,0.0
2024-06-08,106.5,79.1,103.1,0.0
2024-06-09,104.5,78.5,98.3,0.0
2024-06-10,104.7,75.6,102.0,0.0
2024-06-11,109.4,77.5,105.7,0.0
2024-06-12,109.9,78.0,103.9,0.0
2024-06-13,109.8,82.8,104.9,0.0
2024-06-14,105.3,79.3,102.3,0.0
2024-06-15,110.6,77.1,106.2,0.0
2024-06-16,109.9,80.2,103.9,0.0
2024-06-17,103.6,77.8,97.5,0.0
2024-06-18,103.0,74.8,100.2,0.0
2024-06-19,102.2,77.8,98.8,0.0
2024-06-20,110.8,79.4,107.9,0.0
2024-06-21,114.3,89.2,110.1,0.0
2024-06-22,103.1,88.3,104.3,0.0
2024-06-23,104.5,85.6,105.9,0.0
2024-06-24,107.6,85.6,110.1,0.0
2024-06-25,103.8,84.8,107.2,0.2
2024-06-26,107.8,84.7,108.6,0.0
2024-06-27,109.9,88.7,109.1,0.0
2024-06-28,109.8,88.1,110.0,0.0
2024-06-29,109.2,87.8,110.4,0.0
2024-06-30,109.4,87.3,111.4,0.0
2024-07-01,105.2,83.7,111.4,0.2
2024-07-02,112.1,85.2,114.6,0.0
2024-07-03,111.0,84.4,107.6,0.0
2024-07-04,111.7,87.1,109.4,0.0
2024-07-05,116.2,85.5,114.3,0.0
2024-07-06,111.7,84.8,110.2,0.0
2024-07-07,111.7,86.1,109.5,0.0
2024-07-08,115.3,85.8,112.7,0.0
2024-07-09,112.6,85.6,113.7,0.0
2024-07-10,113.8,87.6,113.9,0.0
2024-07-11,111.4,85.8,114.9,0.0
2024-07-12,112.6,86.8,112.8,0.0
2024-07-13,109.1,88.5,110.4,0.0
2024-07-14,104.5,86.4,105.9,0.1
2024-07-15,105.7,84.5,106.2,0.0
2024-07-16,106.3,87.2,107.1,0.0
2024-07-17,108.9,87.1,108.6,0.0
2024-07-18,108.4,89.3,112.3,0.0
2024-07-19,110.6,89.0,111.6,0.0
2024-07-20,110.3,91.0,110.1,0.4
2024-07-21,101.6,88.2,108.9,1.3
2024-07-22,109.0,83.0,111.0,0.0
2024-07-23,110.2,89.6,111.6,0.0
2024-07-24,110.1,90.5,111.2,0.6
2024-07-25,109.9,90.6,112.4,2.6
2024-07-26,107.3,83.3,111.3,0.0
2024-07-27,108.9,85.7,110.5,0.0
2024-07-28,107.8,86.2,106.8,0.2
2024-07-29,107.8,85.1,104.2,0.0
2024-07-30,107.1,85.8,107.0,0.0
2024-07-31,109.5,83.7,111.0,0.0
2024-08-01,105.1,85.3,107.2,0.0
2024-08-02,107.2,83.2,111.0,2.0
2024-08-03,111.7,88.9,115.1,0.0
2024-08-04,114.0,89.6,116.1,0.0
2024-08-05,108.1,90.3,110.5,0.0
2024-08-06,107.9,89.9,108.6,0.0
2024-08-07,100.9,81.7,105.1,0.0
2024-08-08,102.2,86.0,104.2,0.1
2024-08-09,105.3,81.1,109.7,0.0
2024-08-10,108.7,87.7,109.2,0.0
2024-08-11,100.6,79.1,103.9,0.9
2024-08-12,105.7,85.4,108.4,0.0
2024-08-13,104.1,77.8,104.8,0.0
2024-08-14,107.7,88.2,109.4,0.0
2024-08-15,110.0,85.9,112.0,0.0
2024-08-16,109.9,89.3,111.0,0.0
2024-08-17,108.3,89.4,109.4,0.0
2024-08-18,99.2,77.1,98.7,3.2
2024-08-19,109.0,83.3,110.9,0.0
2024-08-20,110.0,87.4,110.0,0.0
2024-08-21,101.1,87.1,104.9,0.0
2024-08-22,104.1,84.7,105.8,5.7
2024-08-23,102.8,82.5,103.2,0.0
2024-08-24,104.0,79.7,103.5,0.0
2024-08-25,105.4,81.4,102.0,0.0
2024-08-26,106.3,79.1,105.6,0.0
2024-08-27,106.3,80.6,105.7,0.0
2024-08-28,102.7,86.6,101.3,0.0
2024-08-29,104.9,79.9,104.6,0.0
2024-08-30,107.2,81.9,105.6,0.0
2024-08-31,105.5,83.1,103.2,0.0
2024-09-01,107.1,80.9,104.0,0.0
2024-09-02,105.4,83.9,103.0,0.0
2024-09-03,105.2,84.7,105.7,0.0
2024-09-04,108.4,83.3,109.3,0.0
2024-09-05,112.2,83.8,110.9,0.0
2024-09-06,108.5,89.2,107.1,0.0
2024-09-07,105.6,87.5,104.5,0.0
2024-09-08,106.3,84.7,100.7,0.0
2024-09-09,106.5,81.1,101.3,0.0
2024-09-10,108.3,77.3,105.7,0.0
2024-09-11,107.2,75.0,103.5,0.0
2024-09-12,106.3,78.4,98.1,0.0
2024-09-13,103.4,73.9,97.4,0.0
2024-09-14,98.9,82.0,100.7,0.0
2024-09-15,102.7,80.5,97.5,0.0
2024-09-16,100.0,75.7,94.1,0.0
2024-09-17,90.6,73.2,88.2,0.0
2024-09-18,93.4,67.1,89.7,0.0
2024-09-19,94.6,71.2,92.9,0.0
2024-09-20,93.5,73.9,91.3,0.0
2024-09-21,89.0,67.4,85.7,0.0
2024-09-22,95.9,67.6,94.7,0.0
2024-09-23,100.9,72.7,99.0,0.0
2024-09-24,104.0,74.5,100.9,0.0
2024-09-25,108.6,77.0,104.2,0.0
2024-09-26,106.2,78.3,104.3,0.0
2024-09-27,109.8,77.5,108.9,0.0
2024-09-28,113.7,82.9,109.3,0.0
2024-09-29,109.6,84.0,104.1,0.0
2024-09-30,105.6,78.2,103.4,0.0
2024-10-01,110.0,78.4,104.3,0.0
2024-10-02,104.8,82.9,99.4,0.0
2024-10-03,106.5,74.2,101.4,0.0
2024-10-04,107.1,75.1,102.8,0.0
2024-10-05,105.6,76.2,102.9,0.0
2024-10-06,106.8,76.1,103.0,0.0
2024-10-07,106.8,76.6,101.6,0.0
2024-10-08,105.0,73.8,99.9,0.0
2024-10-09,102.7,73.6,96.8,0.0
2024-10-10,103.0,73.9,100.5,0.0
2024-10-11,101.8,71.3,97.7,0.0
2024-10-12,101.9,69.7,97.6,0.0
2024-10-13,100.9,70.1,96.1,0.0
2024-10-14,99.2,69.6,93.7,0.0
2024-10-15,94.5,68.6,89.1,0.0
2024-10-16,95.3,65.6,87.7,0.0
2024-10-17,87.9,67.7,83.7,0.0
2024-10-18,75.9,60.4,70.4,0.9
2024-10-19,70.4,54.4,64.4,0.6
2024-10-20,79.0,52.5,74.7,0.0
2024-10-21,85.9,55.0,80.5,0.0
2024-10-22,92.1,56.5,86.8,0.0
2024-10-23,95.0,59.8,89.5,0.0
2024-10-24,93.2,59.5,87.7,0.0
2024-10-25,94.6,57.9,89.0,0.0
2024-10-26,97.2,59.6,92.0,0.0
2024-10-27,93.8,62.8,87.5,0.0
2024-10-28,91.1,57.4,84.1,2.1
2024-10-29,72.1,59.0,67.9,3.7
2024-10-30,72.9,51.0,66.9,0.0
2024-10-31,77.5,48.0,71.6,0.0
2024-11-01,80.0,48.3,72.9,0.0
2024-11-02,76.3,48.5,70.0,1.8
2024-11-03,68.8,53.5,63.4,0.3
2024-11-04,69.5,48.5,62.7,0.0
2024-11-05,71.1,45.3,64.9,0.0
2024-11-06,68.1,47.5,58.5,0.0
2024-11-07,67.9,45.6,56.8,0.0
2024-11-08,67.1,41.6,60.5,0.0
2024-11-09,72.8,42.7,66.3,0.0
2024-11-10,80.4,45.9,74.4,0.0
2024-11-11,80.2,48.3,73.6,0.0
2024-11-12,73.9,48.7,66.2,0.0
2024-11-13,75.7,46.8,68.8,0.0
2024-11-14,79.2,46.8,74.6,0.0
2024-11-15,69.5,46.9,63.2,0.0
2024-11-16,61.4,47.8,56.1,0.0
2024-11-17,68.1,45.0,60.2,0.0
2024-11-18,65.7,44.8,59.7,0.0
2024-11-19,68.2,45.0,62.5,0.0
2024-11-20,74.5,44.9,68.4,0.0
2024-11-21,75.4,44.5,68.8,0.0
2024-11-22,78.4,45.9,72.3,0.0
2024-11-23,76.5,46.0,70.3,0.0
2024-11-24,73.1,46.9,67.9,0.0
2024-11-25,74.4,51.9,69.7,0.0
2024-11-26,76.9,52.0,72.8,0.0
2024-11-27,73.7,58.4,69.6,0.0
2024-11-28,72.0,53.0,69.0,0.0
2024-11-29,73.2,48.8,68.3,0.0
2024-11-30,75.8,51.4,69.9,0.0
2024-12-01,74.9,48.2,70.0,0.0
2024-12-02,77.7,48.1,71.8,0.0
2024-12-03,78.4,53.0,72.3,0.0
2024-12-04,73.4,48.9,69.2,0.0
2024-12-05,74.7,48.7,69.4,0.0
2024-12-06,76.6,53.4,70.6,0.0
2024-12-07,73.3,53.6,67.8,0.0
2024-12-08,70.5,46.9,66.2,0.0
2024-12-09,70.4,46.2,63.8,0.0
2024-12-10,63.5,46.9,56.1,0.0
2024-12-11,68.9,40.3,61.5,0.0
2024-12-12,71.3,50.1,63.8,0.0
2024-12-13,65.5,45.0,60.5,0.0
2024-12-14,67.7,43.3,61.9,0.0
2024-12-15,68.4,41.5,61.6,0.0
2024-12-16,67.6,39.1,59.9,0.0
2024-12-17,70.3,40.0,63.4,0.0
2024-12-18,79.9,46.6,70.9,0.0
2024-12-19,78.8,50.7,73.6,0.0
2024-12-20,79.0,48.9,72.4,0.0
2024-12-21,74.6,47.2,68.6,0.0
2024-12-22,71.7,43.0,65.2,0.0
2024-12-23,73.6,49.8,67.1,0.0
2024-12-24,73.4,47.6,67.6,0.0
2024-12-25,66.7,51.2,61.0,0.0
2024-12-26,64.2,46.4,58.9,0.0
2024-12-27,64.0,41.5,59.5,0.0
2024-12-28,65.9,41.4,61.2,0.0
2024-12-29,70.9,42.4,65.2,0.0
2024-12-30,70.3,42.3,65.1,0.0
2024-12-31,68.9,43.3,63.1,0.0
2025-01-01,68.6,42.9,62.9,0.0
2025-01-02,69.4,42.1,63.9,0.0
2025-01-03,73.8,46.6,67.4,0.0
2025-01-04,68.8,43.0,62.0,0.0
2025-01-05,66.1,40.7,59.8,0.0
2025-01-06,66.7,41.7,60.0,0.0
2025-01-07,68.7,42.7,60.2,0.0
2025-01-08,65.7,49.6,56.6,0.0
2025-01-09,63.1,39.6,52.6,0.0
2025-01-10,59.5,43.6,52.6,0.0
2025-01-11,60.2,36.7,52.3,0.0
2025-01-12,60.5,37.2,53.8,0.0
2025-01-13,58.9,34.7,51.9,0.0
2025-01-14,62.5,34.7,54.5,0.0
2025-01-15,69.3,39.1,59.9,0.0
2025-01-16,71.8,48.7,65.8,0.1
2025-01-17,63.3,46.3,57.5,0.0
2025-01-18,63.5,39.3,56.9,0.0
2025-01-19,62.9,39.5,56.2,0.0
2025-01-20,63.7,36.4,55.8,0.0
2025-01-21,56.1,36.6,48.2,0.0
2025-01-22,62.3,33.8,54.4,0.0
2025-01-23,58.9,38.4,50.5,0.0
2025-01-24,67.6,38.7,59.7,0.0
2025-01-25,66.5,43.5,59.7,0.0
2025-01-26,67.8,42.6,60.3,0.0
2025-01-27,57.3,42.1,53.6,9.3
2025-01-28,58.4,45.2,52.6,0.0
2025-01-29,55.7,41.3,51.2,0.8
2025-01-30,60.5,39.4,55.0,0.0
2025-01-31,65.1,40.1,60.2,0.0
2025-02-01,71.3,41.7,65.1,0.0
2025-02-02,76.4,46.9,70.7,0.0
2025-02-03,80.8,49.7,76.1,0.0
2025-02-04,81.7,53.0,77.2,0.0
2025-02-05,76.3,51.8,71.6,0.0
2025-02-06,77.8,48.7,71.9,0.0
2025-02-07,75.7,49.6,71.5,0.0
2025-02-08,75.3,52.2,73.1,0.0
2025-02-09,75.9,51.2,70.8,0.0
2025-02-10,76.6,50.5,70.6,0.0
2025-02-11,68.0,50.5,60.1,0.0
2025-02-12,60.6,47.8,54.0,0.0
2025-02-13,68.0,46.3,63.3,0.2
2025-02-14,70.5,54.3,63.6,0.0
2025-02-15,69.2,48.3,64.4,0.0
2025-02-16,73.2,47.2,66.9,0.0
2025-02-17,76.2,50.6,69.4,0.0
2025-02-18,75.2,48.9,70.1,0.0
2025-02-19,76.6,50.4,71.6,0.0
2025-02-20,76.8,48.3,70.0,0.0
2025-02-21,75.5,48.0,70.7,0.0
2025-02-22,76.2,48.0,70.4,0.0
2025-02-23,79.0,47.8,73.4,0.0
2025-02-24,83.3,48.7,76.4,0.0
2025-02-25,85.1,53.2,79.1,0.0
2025-02-26,86.5,55.4,80.8,0.0
2025-02-27,82.7,59.7,73.7,0.0
2025-02-28,79.2,52.9,72.7,0.0
2025-03-01,78.6,53.6,70.2,0.0
2025-03-02,77.3,51.6,71.3,0.0
2025-03-03,63.7,49.8,55.7,0.0
2025-03-04,70.2,46.9,65.7,0.0
2025-03-05,75.0,49.0,70.4,0.0
2025-03-06,67.5,56.3,59.0,1.6
2025-03-07,57.4,45.1,52.8,10.7
2025-03-08,65.5,43.0,63.4,0.1
2025-03-09,72.2,44.9,69.0,0.0
2025-03-10,82.2,50.4,77.0,0.0
2025-03-11,75.7,52.5,70.2,18.3
2025-03-12,68.6,53.2,66.5,6.3
2025-03-13,66.9,48.0,60.5,8.7
2025-03-14,55.1,41.7,49.4,5.1
2025-03-15,63.4,43.8,59.6,1.3
2025-03-16,69.4,44.3,69.2,0.0
2025-03-17,76.4,49.0,76.9,0.0
2025-03-18,69.1,53.7,61.6,0.0
2025-03-19,71.5,49.8,66.4,0.0
2025-03-20,78.8,46.9,74.2,0.0
2025-03-21,81.6,51.3,76.4,0.0
2025-03-22,84.6,54.2,80.1,0.0
2025-03-23,86.1,59.2,83.3,0.0
2025-03-24,92.3,61.0,89.7,0.0
2025-03-25,96.9,64.4,92.9,0.0
2025-03-26,90.6,67.6,85.4,0.0
2025-03-27,91.4,64.4,87.8,0.0
2025-03-28,81.1,63.3,73.6,0.1
2025-03-29,79.9,61.8,75.3,0.0
2025-03-30,81.4,57.4,75.7,0.0
2025-03-31,82.0,59.1,79.1,0.0
2025-04-01,72.8,60.6,67.3,0.0
2025-04-02,63.9,52.6,57.4,0.1
2025-04-03,68.0,47.4,64.2,0.1
2025-04-04,70.7,52.0,67.1,0.0
2025-04-05,77.5,51.7,73.4,0.0
2025-04-06,78.4,54.9,76.0,0.0
2025-04-07,85.6,56.5,81.6,0.0
2025-04-08,90.6,58.7,87.0,0.0
2025-04-09,95.1,60.9,91.4,0.0
2025-04-10,98.2,63.2,94.6,0.0
2025-04-11,99.6,64.1,96.1,0.0
2025-04-12,99.1,65.4,93.9,0.0
2025-04-13,93.2,67.6,89.4,0.0
2025-04-14,93.1,66.0,86.7,0.0
2025-04-15,93.3,65.6,89.9,0.0
2025-04-16,90.8,64.6,85.0,0.0
2025-04-17,79.3,62.2,76.2,0.0
2025-04-18,75.7,55.7,70.5,1.9
2025-04-19,72.6,51.8,70.0,0.0
2025-04-20,82.9,53.2,81.7,0.0
2025-04-21,90.0,61.3,85.4,0.0
2025-04-22,91.0,62.7,88.3,0.0
2025-04-23,89.4,64.0,85.4,0.0
2025-04-24,88.5,64.0,83.7,0.0
2025-04-25,91.1,64.9,85.7,0.0
2025-04-26,81.4,63.3,78.0,0.0
2025-04-27,76.1,57.7,71.1,0.0
2025-04-28,79.5,56.1,77.5,0.0
2025-04-29,84.8,61.8,80.1,0.0
2025-04-30,89.3,61.7,87.3,0.0
2025-05-01,90.3,66.7,87.8,0.0
2025-05-02,91.9,65.8,88.0,0.0
2025-05-03,93.1,68.5,90.3,0.0
2025-05-04,78.3,62.7,74.0,3.9
2025-05-05,72.1,55.2,69.8,0.8
2025-05-06,73.4,56.8,73.4,2.2
2025-05-07,82.8,58.9,83.0,0.3
2025-05-08,92.8,62.3,92.3,0.0
2025-05-09,100.8,70.9,98.1,0.0
2025-05-10,99.8,77.8,95.4,0.0
2025-05-11,103.0,78.4,99.4,0.0
2025-05-12,98.7,79.0,93.3,0.0
2025-05-13,87.3,73.2,81.3,0.0
2025-05-14,82.5,61.9,77.7,0.0
2025-05-15,88.4,64.8,84.2,0.0
2025-05-16,93.4,66.5,90.5,0.0
2025-05-17,93.1,68.7,87.2,0.0
2025-05-18,85.7,63.9,80.8,0.0
2025-05-19,92.7,67.6,85.7,0.0
2025-05-20,97.0,69.7,94.6,0.0
2025-05-21,102.5,71.4,99.5,0.0
2025-05-22,103.7,75.1,99.7,0.0
2025-05-23,102.0,74.5,97.7,0.0
2025-05-24,98.1,74.3,94.0,0.0
2025-05-25,96.9,72.2,94.1,0.0
2025-05-26,98.7,71.8,95.4,0.0
2025-05-27,100.1,72.9,95.8,0.0
2025-05-28,101.1,73.7,98.0,0.0
2025-05-29,99.2,74.2,96.1,0.0
2025-05-30,103.5,73.0,100.0,0.0
2025-05-31,99.5,77.5,94.4,0.0
2025-06-01,88.0,70.4,84.2,18.2
2025-06-02,89.2,66.2,91.3,0.8
2025-06-03,97.0,74.8,98.4,0.0
2025-06-04,94.2,71.1,97.1,2.7
2025-06-05,99.8,76.1,99.4,0.0
2025-06-06,102.4,76.1,101.3,0.0
2025-06-07,104.7,76.8,102.9,0.0
2025-06-08,106.3,78.4,102.5,0.0
2025-06-09,108.0,80.0,104.3,0.0
2025-06-10,106.3,79.5,103.4,0.0
2025-06-11,107.2,80.6,104.6,0.0
2025-06-12,107.3,81.4,104.7,0.0
2025-06-13,106.8,80.8,104.3,0.0
2025-06-14,109.4,79.9,108.8,0.0
2025-06-15,113.2,81.3,109.0,0.0
2025-06-16,112.2,83.7,108.5,0.0
2025-06-17,109.4,82.9,107.3,0.0
2025-06-18,112.3,82.9,109.2,0.0
2025-06-19,115.1,83.7,109.9,0.0
2025-06-20,107.4,81.4,103.4,0.0
2025-06-21,105.1,80.6,100.8,0.0
2025-06-22,98.2,76.1,97.2,0.0
2025-06-23,101.9,76.4,99.1,0.0
2025-06-24,102.4,77.5,99.4,0.0
2025-06-25,102.7,76.6,98.2,0.0
2025-06-26,105.1,78.9,102.9,0.0
2025-06-27,106.1,80.6,105.2,0.0
2025-06-28,107.9,84.5,106.3,0.0
2025-06-29,112.3,85.9,109.4,0.0
2025-06-30,114.5,89.0,112.9,0.0
2025-07-01,109.8,91.7,111.8,0.0
2025-07-02,105.2,89.1,107.2,0.0
2025-07-03,94.9,77.0,100.7,2.4
2025-07-04,100.5,79.9,102.2,0.0
2025-07-05,106.0,83.7,107.6,0.0
2025-07-06,110.1,84.4,110.4,0.0
2025-07-07,109.7,88.9,110.2,0.0
2025-07-08,109.9,88.8,112.4,0.0
2025-07-09,116.3,90.3,116.3,0.0
2025-07-10,112.3,93.0,111.1,0.0
2025-07-11,108.9,86.9,111.9,0.0
2025-07-12,108.5,85.2,110.6,0.0
2025-07-13,108.7,84.7,109.3,0.0
2025-07-14,107.6,86.9,108.9,0.0
2025-07-15,105.4,85.5,108.6,0.0
2025-07-16,96.4,78.0,100.2,0.0
2025-07-17,94.7,75.0,100.7,6.3
2025-07-18,105.0,82.8,107.0,0.0
2025-07-19,105.4,84.7,105.9,0.0
2025-07-20,95.3,86.5,93.1,0.0
2025-07-21,104.5,83.7,103.6,0.0
2025-07-22,98.8,77.5,102.6,2.4
2025-07-23,103.1,83.1,102.1,0.0
2025-07-24,105.3,80.1,103.2,0.0
2025-07-25,106.5,81.1,103.3,0.0
2025-07-26,107.0,81.5,104.5,0.0
2025-07-27,107.9,83.6,105.4,0.0
2025-07-28,111.0,83.3,109.1,0.0
2025-07-29,108.7,86.0,107.4,0.0
2025-07-30,109.3,85.5,109.3,0.0
2025-07-31,109.2,86.5,111.1,0.0
2025-08-01,110.3,87.7,110.9,0.0
2025-08-02,113.3,88.7,112.1,0.0
2025-08-03,111.2,82.7,108.9,0.0
2025-08-04,111.2,84.8,109.2,0.0
2025-08-05,113.8,88.3,114.2,0.0
2025-08-06,114.5,90.9,113.9,0.0
2025-08-07,116.4,91.1,115.9,0.0
2025-08-08,111.7,89.5,111.7,0.0
2025-08-09,108.4,88.7,111.0,0.0
2025-08-10,107.1,87.2,108.5,0.0
2025-08-11,109.0,89.2,109.3,0.0
2025-08-12,109.9,88.0,111.8,0.0
2025-08-13,108.4,88.3,108.7,0.0
2025-08-14,106.8,87.1,108.6,0.0
2025-08-15,103.0,78.7,105.3,0.1
2025-08-16,103.5,82.6,104.0,0.0
2025-08-17,104.1,82.0,103.3,0.0
2025-08-18,106.2,82.0,105.3,0.0
2025-08-19,106.8,86.0,104.8,0.0
2025-08-20,111.4,88.3,113.7,0.0
2025-08-21,111.6,91.7,116.0,0.0
2025-08-22,111.1,90.6,113.9,0.0
2025-08-23,109.0,89.9,112.0,0.0
2025-08-24,107.6,88.9,112.5,0.0
2025-08-25,101.2,77.5,106.1,7.5
2025-08-26,97.7,75.7,102.1,4.2
2025-08-27,100.3,78.3,103.4,0.0
2025-08-28,104.9,84.5,107.5,0.0
2025-08-29,98.8,73.6,101.5,15.2
2025-08-30,106.0,83.7,107.7,0.0
2025-08-31,109.3,82.0,109.4,0.0
2025-09-01,106.3,86.7,107.6,0.0
2025-09-02,106.3,88.7,105.0,0.0
2025-09-03,104.1,82.0,106.2,0.0
2025-09-04,93.5,77.9,96.7,0.1
2025-09-05,93.6,71.0,95.7,16.3
2025-09-06,97.6,75.4,102.2,2.0
2025-09-07,99.8,82.0,104.8,0.0
2025-09-08,101.8,85.1,105.8,0.0
2025-09-09,103.7,85.1,104.5,0.0
2025-09-10,105.8,83.8,102.6,0.0
2025-09-11,100.6,81.0,103.7,0.0
2025-09-12,100.9,79.1,99.2,0.0
2025-09-13,96.7,74.1,94.1,0.0
2025-09-14,99.0,73.6,97.7,0.0
2025-09-15,102.2,75.5,99.7,0.0
2025-09-16,102.5,81.6,103.3,0.0
2025-09-17,102.6,81.9,105.7,0.0
2025-09-18,95.5,74.6,96.5,6.7
2025-09-19,98.6,74.3,100.9,1.2
2025-09-20,100.0,80.0,103.6,0.0
2025-09-21,99.1,82.0,102.1,0.3
2025-09-22,90.2,70.9,93.5,43.5
2025-09-23,100.7,78.4,104.1,0.0
2025-09-24,105.4,80.6,105.1,0.0
2025-09-25,103.8,84.7,103.1,0.5
2025-09-26,85.8,71.9,85.0,17.7
2025-09-27,82.9,68.0,86.4,9.7
2025-09-28,82.0,67.6,85.5,1.0
2025-09-29,92.0,67.0,93.0,0.0
2025-09-30,94.4,70.3,94.3,0.0
2025-10-01,95.5,75.2,94.8,0.0
2025-10-02,99.6,73.0,97.5,0.0
2025-10-03,101.5,75.0,98.1,0.0
2025-10-04,88.3,69.5,84.2,0.0
2025-10-05,87.5,63.8,84.0,0.0
2025-10-06,92.5,63.0,89.5,0.0
2025-10-07,96.6,65.8,93.1,0.0
2025-10-08,97.8,72.1,94.7,0.0
2025-10-09,94.0,72.9,95.5,5.5
2025-10-10,84.9,73.1,90.2,10.9
2025-10-11,79.3,69.7,86.5,14.7
2025-10-12,77.5,66.9,83.2,87.2
2025-10-13,79.3,67.0,84.9,9.1
2025-10-14,81.2,64.7,80.3,0.3
2025-10-15,76.0,61.6,76.1,0.0
2025-10-16,76.6,57.5,76.7,0.0
2025-10-17,80.7,57.3,78.4,0.0
2025-10-18,84.7,57.8,81.9,0.0
2025-10-19,88.2,60.4,84.9,0.0
2025-10-20,87.1,60.3,84.7,0.0
2025-10-21,89.0,60.8,86.2,0.0
2025-10-22,90.1,67.6,86.0,0.1
2025-10-23,82.8,63.3,79.4,0.0
2025-10-24,82.7,58.9,79.2,0.0
2025-10-25,83.9,59.9,83.2,0.0
2025-10-26,86.9,60.1,83.0,0.0
2025-10-27,85.6,60.4,83.8,0.0
2025-10-28,90.4,59.4,85.0,0.0
2025-10-29,90.0,62.1,83.0,0.0
2025-10-30,88.4,61.5,83.8,0.0
2025-10-31,86.4,59.2,82.9,0.0
2025-11-01,86.1,57.0,81.7,0.0
2025-11-02,87.5,57.6,82.6,0.0
2025-11-03,87.6,58.6,83.3,0.0
2025-11-04,88.2,59.2,83.2,0.0
2025-11-05,87.0,59.3,83.0,0.0
2025-11-06,84.6,57.8,80.3,0.0
2025-11-07,83.8,56.4,80.3,0.0
2025-11-08,84.4,56.8,80.2,0.0
2025-11-09,89.3,57.0,85.2,0.0
2025-11-10,87.6,64.3,81.2,0.0
2025-11-11,85.3,57.7,81.3,0.0
2025-11-12,85.3,57.7,80.9,0.0
2025-11-13,84.2,59.3,79.0,0.0
2025-11-14,86.0,57.4,81.2,0.0
2025-11-15,80.7,57.6,77.7,2.7
2025-11-16,71.6,61.8,69.2,2.4
2025-11-17,72.2,54.3,69.2,1.3
2025-11-18,66.8,56.3,68.0,30.0
2025-11-19,63.5,53.2,64.1,9.1
2025-11-20,61.6,52.5,60.2,5.9
2025-11-21,62.9,51.3,61.0,0.0
2025-11-22,67.6,54.7,67.1,8.1
2025-11-23,62.8,54.0,62.6,5.4
2025-11-24,64.7,49.6,64.7,0.0
2025-11-25,66.7,49.4,66.8,0.0
2025-11-26,71.8,49.4,72.4,0.0
2025-11-27,71.6,49.9,73.0,0.0
2025-11-28,70.9,49.6,69.9,0.0
2025-11-29,69.3,48.6,68.2,0.0
2025-11-30,68.5,48.1,66.5,0.0
2025-12-01,69.4,49.4,65.6,0.0
2025-12-02,67.6,43.9,62.7,0.0
2025-12-03,64.8,43.3,59.3,0.0
2025-12-04,64.3,43.8,57.8,0.0
2025-12-05,63.9,42.9,58.4,0.0
2025-12-06,65.4,41.7,61.0,0.0
2025-12-07,68.7,42.3,65.3,0.0
2025-12-08,69.0,44.0,64.8,0.0
2025-12-09,71.1,44.9,66.3,0.0
2025-12-10,72.8,44.7,68.5,0.0
2025-12-11,76.4,48.2,72.4,0.0
2025-12-12,76.4,49.6,72.6,0.0
2025-12-13,74.6,49.2,71.9,0.0
2025-12-14,78.4,50.2,75.5,0.0
2025-12-15,77.5,52.3,73.1,0.0
2025-12-16,71.6,48.4,67.5,0.0
2025-12-17,71.1,46.8,67.0,0.0
2025-12-18,71.9,47.3,68.2,0.0
2025-12-19,74.6,47.5,70.7,0.0
