eventid,phenomena,issue,expire,name
1,EH,2018-05-06T17:00:00Z,2018-05-07T03:00:00Z,Excessive Heat Warning
3,EH,2018-06-03T18:00:00Z,2018-06-05T03:00:00Z,Excessive Heat Warning
4,EH,2018-06-12T18:00:00Z,2018-06-14T03:00:00Z,Excessive Heat Warning
5,EH,2018-06-21T17:00:00Z,2018-06-23T04:00:00Z,Excessive Heat Warning
6,EH,2018-07-05T17:00:00Z,2018-07-07T04:00:00Z,Excessive Heat Warning
8,EH,2018-07-23T17:00:00Z,2018-07-26T03:00:00Z,Excessive Heat Warning
9,EH,2018-08-06T17:00:00Z,2018-08-08T03:00:00Z,Excessive Heat Warning
11,EH,2018-09-14T17:00:00Z,2018-09-16T03:00:00Z,Excessive Heat Warning
1,EH,2019-06-11T17:00:00Z,2019-06-14T03:00:00Z,Excessive Heat Warning
3,EH,2019-07-11T17:00:00Z,2019-07-13T09:33:00Z,Excessive Heat Warning
4,EH,2019-07-15T17:00:00Z,2019-07-17T03:00:00Z,Excessive Heat Warning
5,EH,2019-07-27T21:13:00Z,2019-07-29T03:00:00Z,Excessive Heat Warning
6,EH,2019-08-03T17:00:00Z,2019-08-06T03:00:00Z,Excessive Heat Warning
7,EH,2019-08-13T17:00:00Z,2019-08-17T03:00:00Z,Excessive Heat Warning
8,EH,2019-08-20T18:00:00Z,2019-08-22T03:00:00Z,Excessive Heat Warning
9,EH,2019-08-27T17:00:00Z,2019-08-29T03:00:00Z,Excessive Heat Warning
10,EH,2019-08-30T17:00:00Z,2019-09-01T03:00:00Z,Excessive Heat Warning
11,EH,2019-09-04T17:00:00Z,2019-09-05T03:00:00Z,Excessive Heat Warning
12,EH,2019-09-07T17:00:00Z,2019-09-08T03:00:00Z,Excessive Heat Warning
1,EH,2020-04-26T17:00:00Z,2020-04-27T19:35:00Z,Excessive Heat Warning
2,EH,2020-04-27T19:35:00Z,2020-05-01T03:00:00Z,Excessive Heat Warning
3,EH,2020-05-06T17:00:00Z,2020-05-08T03:00:00Z,Excessive Heat Warning
4,EH,2020-05-27T17:00:00Z,2020-06-01T03:00:00Z,Excessive Heat Warning
5,EH,2020-06-02T17:00:00Z,2020-06-05T03:00:00Z,Excessive Heat Warning
6,EH,2020-07-10T17:00:00Z,2020-07-14T03:00:00Z,Excessive Heat Warning
7,EH,2020-07-19T17:00:00Z,2020-07-20T03:00:00Z,Excessive Heat Warning
8,EH,2020-07-29T17:00:00Z,2020-08-05T03:00:00Z,Excessive Heat Warning
10,EH,2020-08-09T16:00:00Z,2020-08-11T03:00:00Z,Excessive Heat Warning
11,EH,2020-08-12T17:00:00Z,2020-08-21T03:00:00Z,Excessive Heat Warning
12,EH,2020-08-24T17:00:00Z,2020-08-29T03:00:00Z,Excessive Heat Warning
14,EH,2020-09-04T17:00:00Z,2020-09-08T03:00:00Z,Excessive Heat Warning
15,EH,2020-09-17T17:00:00Z,2020-09-18T03:00:00Z,Excessive Heat Warning
2,EH,2021-06-12T17:00:00Z,2021-06-21T03:00:00Z,Excessive Heat Warning
4,EH,2021-07-09T17:00:00Z,2021-07-12T03:00:00Z,Excessive Heat Warning
5,EH,2021-08-03T17:00:00Z,2021-08-05T03:00:00Z,Excessive Heat Warning
6,EH,2021-08-25T17:00:00Z,2021-08-28T03:00:00Z,Excessive Heat Warning
7,EH,2021-09-09T17:00:00Z,2021-09-10T03:00:00Z,Excessive Heat Warning
8,EH,2021-09-12T17:00:00Z,2021-09-14T03:00:00Z,Excessive Heat Warning
1,EH,2022-06-08T17:00:00Z,2022-06-13T03:00:00Z,Excessive Heat Warning
2,EH,2022-06-16T17:00:00Z,2022-06-17T03:00:00Z,Excessive Heat Warning
3,EH,2022-07-11T17:00:00Z,2022-07-12T03:00:00Z,Excessive Heat Warning
4,EH,2022-07-16T17:00:00Z,2022-07-17T09:12:00Z,Excessive Heat Warning
5,EH,2022-07-21T18:00:00Z,2022-07-23T03:00:00Z,Excessive Heat Warning
6,EH,2022-08-30T17:00:00Z,2022-09-01T03:00:00Z,Excessive Heat Warning
6,EH,2022-09-03T17:00:00Z,2022-09-08T03:00:00Z,Excessive Heat Warning
1,EH,2023-07-01T17:00:00Z,2023-07-30T03:00:00Z,Excessive Heat Warning
5,EH,2023-08-04T17:00:00Z,2023-08-08T03:00:00Z,Excessive Heat Warning
6,EH,2023-08-16T17:00:00Z,2023-08-18T03:00:00Z,Excessive Heat Warning
7,EH,2023-08-26T17:00:00Z,2023-08-31T03:00:00Z,Excessive Heat Warning
8,EH,2023-09-09T17:00:00Z,2023-09-11T03:00:00Z,Excessive Heat Warning
1,EH,2024-06-05T17:00:00Z,2024-06-08T03:00:00Z,Excessive Heat Warning
2,EH,2024-06-11T17:00:00Z,2024-06-17T03:00:00Z,Excessive Heat Warning
4,EH,2024-06-20T17:00:00Z,2024-06-22T03:00:00Z,Excessive Heat Warning
5,EH,2024-07-04T17:00:00Z,2024-07-14T03:00:00Z,Excessive Heat Warning
6,EH,2024-07-19T17:00:00Z,2024-07-21T03:00:00Z,Excessive Heat Warning
7,EH,2024-08-03T17:00:00Z,2024-08-06T03:00:00Z,Excessive Heat Warning
8,EH,2024-08-19T17:00:00Z,2024-08-21T03:00:00Z,Excessive Heat Warning
9,EH,2024-09-04T18:00:00Z,2024-09-07T03:00:00Z,Excessive Heat Warning
10,EH,2024-09-25T17:00:00Z,2024-10-09T03:00:00Z,Excessive Heat Warning
1,XH,2025-06-14T17:00:00Z,2025-06-21T03:00:00Z,Extreme Heat Warning
3,XH,2025-06-29T17:00:00Z,2025-07-02T03:00:00Z,Extreme Heat Warning
4,XH,2025-07-08T17:00:00Z,2025-07-11T03:00:00Z,Extreme Heat Warning
5,XH,2025-08-01T17:00:00Z,2025-08-14T03:00:00Z,Extreme Heat Warning
7,XH,2025-08-20T17:00:00Z,2025-08-25T03:00:00Z,Extreme Heat Warning
1,XH,2026-03-19T18:00:00Z,2026-03-23T03:00:00Z,Extreme Heat Warning
2,XH,2026-05-10T17:00:00Z,2026-05-13T03:00:00Z,Extreme Heat Warning
3,XH,2026-06-24T17:00:00Z,2026-06-26T03:00:00Z,Extreme Heat Warning
4,XH,2026-07-07T17:00:00Z,2026-07-11T03:00:00Z,Extreme Heat Warning
7,XH,2026-07-23T17:00:00Z,2026-08-10T03:00:00Z,Extreme Heat Warning
8,XH,2026-08-17T17:00:00Z,2026-08-30T03:00:00Z,Extreme Heat Warning
9,XH,2026-09-08T17:00:00Z,2026-09-11T03:00:00Z,Extreme Heat Warning
