year,address,nature,calls
2019,106XX N 7TH ST,mountain rescue,5
2019,106XX N 7TH ST,,4
2020,106XX N 7TH ST,mountain rescue,17
2020,106XX N 7TH ST,,8
2020,106XX N 7TH ST,brush fire (still),2
2020,106XX N 7TH ST,lockout,1
2021,106XX N 7TH ST,mountain rescue,11
2021,106XX N 7TH ST,,10
2021,106XX N 7TH ST,unknown fire,2
2021,106XX N 7TH ST,brush fire (2 engines),1
2022,106XX N 7TH ST,,5
2022,106XX N 7TH ST,mountain rescue,4
2023,106XX N 7TH ST,mountain rescue,13
2023,106XX N 7TH ST,,8
2023,106XX N 7TH ST,unknown fire,1
2024,106XX N 7TH ST,,9
2024,106XX N 7TH ST,mountain rescue,7
2024,106XX N 7TH ST,brush fire (still),2
2024,106XX N 7TH ST,grass fire,1
2025,106XX N 7TH ST,,8
2025,106XX N 7TH ST,mountain rescue,7
2025,106XX N 7TH ST,grass fire,1
2025,106XX N 7TH ST,service call,1
2019,10XX N GALVIN PW,,3
2019,10XX N GALVIN PW,mountain rescue,2
2020,10XX N GALVIN PW,mountain rescue,8
2020,10XX N GALVIN PW,,1
2020,10XX N GALVIN PW,check fire reported out,1
2021,10XX N GALVIN PW,mountain rescue,6
2021,10XX N GALVIN PW,,3
2022,10XX N GALVIN PW,mountain rescue,4
2022,10XX N GALVIN PW,,3
2023,10XX N GALVIN PW,,7
2023,10XX N GALVIN PW,mountain rescue,5
2024,10XX N GALVIN PW,,9
2024,10XX N GALVIN PW,mountain rescue,7
2025,10XX N GALVIN PW,,11
2025,10XX N GALVIN PW,mountain rescue,7
2019,12XX N GALVIN PW,,23
2019,12XX N GALVIN PW,alarm indication,2
2019,12XX N GALVIN PW,fuel spill,1
2019,12XX N GALVIN PW,lockout,1
2020,12XX N GALVIN PW,,6
2020,12XX N GALVIN PW,unknown fire,1
2021,12XX N GALVIN PW,,20
2021,12XX N GALVIN PW,alarm indication,2
2021,12XX N GALVIN PW,lockout,1
2022,12XX N GALVIN PW,,15
2022,12XX N GALVIN PW,alarm indication,2
2022,12XX N GALVIN PW,service call,1
2023,12XX N GALVIN PW,,20
2023,12XX N GALVIN PW,check fire reported out,1
2024,12XX N GALVIN PW,,24
2024,12XX N GALVIN PW,alarm indication,1
2025,12XX N GALVIN PW,,18
2025,12XX N GALVIN PW,alarm indication,2
2021,22XX E PIESTEWA PEAK DR,,2
2022,22XX E PIESTEWA PEAK DR,,4
2022,22XX E PIESTEWA PEAK DR,service call,1
2019,22XX E SQUAW PEAK DR,,4
2019,22XX E SQUAW PEAK DR,service call,1
2025,23XX E PIESTEWA PEAK DR,,1
2020,23XX E SQUAW PEAK DR,illegal burning,1
2022,24XX E PIESTEWA PEAK DR,,2
2023,24XX E PIESTEWA PEAK DR,,1
2024,24XX E PIESTEWA PEAK DR,,2
2021,27XX E PIESTEWA PEAK DR,mountain rescue,30
2021,27XX E PIESTEWA PEAK DR,,4
2022,27XX E PIESTEWA PEAK DR,mountain rescue,28
2022,27XX E PIESTEWA PEAK DR,,3
2022,27XX E PIESTEWA PEAK DR,illegal burning,1
2023,27XX E PIESTEWA PEAK DR,mountain rescue,24
2023,27XX E PIESTEWA PEAK DR,,3
2023,27XX E PIESTEWA PEAK DR,crisis care,1
2023,27XX E PIESTEWA PEAK DR,service call,1
2024,27XX E PIESTEWA PEAK DR,mountain rescue,17
2024,27XX E PIESTEWA PEAK DR,,8
2024,27XX E PIESTEWA PEAK DR,lockout,1
2025,27XX E PIESTEWA PEAK DR,mountain rescue,16
2025,27XX E PIESTEWA PEAK DR,,2
2025,27XX E PIESTEWA PEAK DR,crisis care,1
2025,27XX E PIESTEWA PEAK DR,service call,1
2019,27XX E SQUAW PEAK DR,mountain rescue,29
2019,27XX E SQUAW PEAK DR,,5
2019,27XX E SQUAW PEAK DR,police crisis care,1
2020,27XX E SQUAW PEAK DR,mountain rescue,28
2020,27XX E SQUAW PEAK DR,,3
2020,27XX E SQUAW PEAK DR,check smoke,1
2021,27XX E SQUAW PEAK DR,mountain rescue,6
2021,27XX E SQUAW PEAK DR,,2
2025,2XX N GALVIN PW,,1
2020,30XX E SQUAW PEAK CI,,1
2023,34XX E PIESTEWA PEAK DR,,1
2021,37XX E PIESTEWA PEAK DR,mountain rescue,1
2019,38XX E CHOLLA LN,alarm indication,1
2020,38XX E CHOLLA LN,alarm indication,1
2021,38XX E CHOLLA LN,alarm indication,1
2022,38XX E CHOLLA LN,,1
2022,38XX E CHOLLA LN,alarm indication,1
2024,38XX E CHOLLA LN,alarm indication,1
2025,38XX E CHOLLA LN,alarm indication,1
2023,39XX E PIESTEWA PEAK DR,crisis care,2
2023,39XX E PIESTEWA PEAK DR,mountain rescue,1
2019,41XX E MCDONALD DR,,3
2022,41XX E MCDONALD DR,,2
2022,41XX E MCDONALD DR,tree fire,1
2023,41XX E MCDONALD DR,,1
2025,41XX E MCDONALD DR,,1
2021,42XX E MCDONALD DR,,2
2022,42XX E MCDONALD DR,,4
2023,42XX E MCDONALD DR,,1
2024,42XX E MCDONALD DR,,1
2024,42XX E MCDONALD DR,alarm indication,1
2025,42XX E MCDONALD DR,,1
2019,43XX E MCDONALD DR,alarm indication,1
2022,43XX E MCDONALD DR,,1
2020,44XX E PIMA CANYON RD,,1
2023,44XX E PIMA CANYON RD,,1
2024,44XX E PIMA CANYON RD,mountain rescue,8
2024,44XX E PIMA CANYON RD,,2
2025,44XX E PIMA CANYON RD,mountain rescue,10
2025,44XX E PIMA CANYON RD,service call,1
2019,45XX E PIMA CANYON RD,mountain rescue,1
2022,45XX E PIMA CANYON RD,,1
2022,45XX E PIMA CANYON RD,mountain rescue,1
2024,45XX E PIMA CANYON RD,,1
2024,45XX E PIMA CANYON RD,mountain rescue,1
2025,45XX E PIMA CANYON RD,,1
2019,47XX E PIMA CANYON RD,mountain rescue,12
2019,47XX E PIMA CANYON RD,,2
2019,47XX E PIMA CANYON RD,lockout,1
2020,47XX E PIMA CANYON RD,mountain rescue,13
2020,47XX E PIMA CANYON RD,,6
2020,47XX E PIMA CANYON RD,service call,1
2021,47XX E PIMA CANYON RD,mountain rescue,12
2021,47XX E PIMA CANYON RD,,1
2022,47XX E PIMA CANYON RD,mountain rescue,10
2022,47XX E PIMA CANYON RD,,2
2022,47XX E PIMA CANYON RD,assist PD,1
2023,47XX E PIMA CANYON RD,mountain rescue,7
2023,47XX E PIMA CANYON RD,,4
2023,47XX E PIMA CANYON RD,unknown fire,2
2024,47XX E PIMA CANYON RD,mountain rescue,9
2024,47XX E PIMA CANYON RD,,4
2024,47XX E PIMA CANYON RD,debris fire,1
2023,48XX E MCDONALD DR,,1
2019,48XX E PIMA CANYON RD,mountain rescue,2
2020,48XX E PIMA CANYON RD,mountain rescue,4
2021,48XX E PIMA CANYON RD,mountain rescue,4
2021,48XX E PIMA CANYON RD,,1
2022,48XX E PIMA CANYON RD,mountain rescue,2
2023,48XX E PIMA CANYON RD,,1
2024,48XX E PIMA CANYON RD,,1
2024,48XX E PIMA CANYON RD,mountain rescue,1
2019,49XX E MCDONALD DR,mountain rescue,50
2019,49XX E MCDONALD DR,,5
2019,49XX E MCDONALD DR,service call,1
2020,49XX E MCDONALD DR,mountain rescue,41
2020,49XX E MCDONALD DR,,6
2020,49XX E MCDONALD DR,service call,3
2020,49XX E MCDONALD DR,debris fire,1
2021,49XX E MCDONALD DR,mountain rescue,63
2021,49XX E MCDONALD DR,,3
2022,49XX E MCDONALD DR,mountain rescue,53
2022,49XX E MCDONALD DR,,1
2022,49XX E MCDONALD DR,brush fire (still),1
2022,49XX E MCDONALD DR,lockout,1
2022,49XX E MCDONALD DR,vehicle fire,1
2023,49XX E MCDONALD DR,mountain rescue,32
2023,49XX E MCDONALD DR,,6
2023,49XX E MCDONALD DR,check smoke,1
2024,49XX E MCDONALD DR,mountain rescue,33
2024,49XX E MCDONALD DR,,6
2025,49XX E MCDONALD DR,mountain rescue,38
2025,49XX E MCDONALD DR,assist PD,3
2025,49XX E MCDONALD DR,,1
2025,49XX E MCDONALD DR,"961, FD unit",1
2025,49XX E MCDONALD DR,check hazardous situation,1
2025,49XX E MCDONALD DR,service call,1
2019,4XX N GALVIN PW,,73
2019,4XX N GALVIN PW,alarm indication,2
2019,4XX N GALVIN PW,lockout,1
2019,4XX N GALVIN PW,vehicle fire,1
2020,4XX N GALVIN PW,,31
2020,4XX N GALVIN PW,alarm indication,1
2020,4XX N GALVIN PW,crisis care,1
2020,4XX N GALVIN PW,debris fire,1
2020,4XX N GALVIN PW,tree fire,1
2021,4XX N GALVIN PW,,70
2021,4XX N GALVIN PW,lockout,4
2021,4XX N GALVIN PW,unknown fire,1
2022,4XX N GALVIN PW,,48
2022,4XX N GALVIN PW,lockout,5
2022,4XX N GALVIN PW,alarm indication,2
2022,4XX N GALVIN PW,crisis care,1
2022,4XX N GALVIN PW,structure fire,1
2023,4XX N GALVIN PW,,47
2023,4XX N GALVIN PW,alarm indication,2
2023,4XX N GALVIN PW,assist PD,1
2023,4XX N GALVIN PW,lockout,1
2023,4XX N GALVIN PW,tree fire,1
2024,4XX N GALVIN PW,,59
2024,4XX N GALVIN PW,alarm indication,3
2024,4XX N GALVIN PW,crisis care,2
2024,4XX N GALVIN PW,lockout,1
2025,4XX N GALVIN PW,,57
2025,4XX N GALVIN PW,alarm indication,3
2025,4XX N GALVIN PW,crisis care,3
2025,4XX N GALVIN PW,check electrical,1
2025,4XX N GALVIN PW,check hazardous situation,1
2025,4XX N GALVIN PW,unknown fire,1
2022,51XX N INVERGORDON RD,mountain rescue,6
2023,51XX N INVERGORDON RD,mountain rescue,12
2023,51XX N INVERGORDON RD,,2
2024,51XX N INVERGORDON RD,mountain rescue,18
2024,51XX N INVERGORDON RD,,4
2025,51XX N INVERGORDON RD,mountain rescue,23
2025,51XX N INVERGORDON RD,,1
2025,51XX N INVERGORDON RD,bee assignment,1
2019,56XX N ECHO CANYON CI,,1
2020,56XX N ECHO CANYON CI,,1
2022,56XX N ECHO CANYON CI,,1
2023,56XX N ECHO CANYON CI,alarm indication,1
2025,56XX N ECHO CANYON CI,alarm indication,3
2025,56XX N ECHO CANYON CI,,1
2021,56XX N ECHO CANYON DR,,1
2024,56XX N ECHO CANYON DR,,1
2025,56XX N ECHO CANYON DR,alarm indication,1
2019,57XX N ECHO CANYON CI,,3
2019,57XX N ECHO CANYON CI,alarm indication,1
2020,57XX N ECHO CANYON CI,,3
2020,57XX N ECHO CANYON CI,alarm indication,1
2021,57XX N ECHO CANYON CI,,5
2022,57XX N ECHO CANYON CI,,1
2023,57XX N ECHO CANYON CI,,1
2025,57XX N ECHO CANYON CI,,5
2025,57XX N ECHO CANYON CI,alarm indication,1
2019,57XX N ECHO CANYON DR,,2
2021,57XX N ECHO CANYON DR,alarm indication,1
2023,57XX N ECHO CANYON DR,,3
2024,57XX N ECHO CANYON DR,service call,1
2025,57XX N ECHO CANYON DR,,1
2019,57XX N ECHO CANYON PW,mountain rescue,4
2019,57XX N ECHO CANYON PW,,2
2020,57XX N ECHO CANYON PW,mountain rescue,3
2020,57XX N ECHO CANYON PW,,1
2021,57XX N ECHO CANYON PW,mountain rescue,7
2021,57XX N ECHO CANYON PW,natural gas leak,1
2022,57XX N ECHO CANYON PW,mountain rescue,4
2023,57XX N ECHO CANYON PW,mountain rescue,6
2024,57XX N ECHO CANYON PW,mountain rescue,3
2024,57XX N ECHO CANYON PW,,2
2025,57XX N ECHO CANYON PW,,1
2019,58XX E CHOLLA LN,alarm indication,2
2022,58XX E CHOLLA LN,alarm indication,1
2023,58XX N ECHO CANYON CI,,2
2025,58XX N ECHO CANYON CI,,1
2019,58XX N ECHO CANYON LN,,10
2020,58XX N ECHO CANYON LN,,5
2020,58XX N ECHO CANYON LN,check hazardous situation,1
2021,58XX N ECHO CANYON LN,,6
2022,58XX N ECHO CANYON LN,,2
2022,58XX N ECHO CANYON LN,check hazardous situation,1
2023,58XX N ECHO CANYON LN,,3
2025,58XX N ECHO CANYON LN,,5
2021,59XX N ECHO CANYON DR,,3
2022,59XX N ECHO CANYON DR,,2
2023,59XX N ECHO CANYON DR,,3
2024,59XX N ECHO CANYON DR,,4
2025,59XX N ECHO CANYON DR,,1
2022,59XX N ECHO CANYON LN,check unsafe pool,1
2023,59XX N ECHO CANYON LN,,2
2024,59XX N ECHO CANYON LN,,1
2021,5XX N GALVIN PW,tree fire,1
2020,60XX E CHOLLA LN,,1
2021,60XX E CHOLLA LN,,2
2022,60XX E CHOLLA LN,,2
2022,60XX E CHOLLA LN,check smoke,1
2022,60XX E CHOLLA LN,service call,1
2023,60XX E CHOLLA LN,alarm indication,1
2023,60XX E CHOLLA LN,check electrical,1
2023,60XX E CHOLLA LN,natural gas leak,1
2025,60XX E CHOLLA LN,,1
2019,61XX E CHOLLA LN,,1
2020,61XX E CHOLLA LN,,1
2025,61XX E CHOLLA LN,,1
2019,62XX E CHOLLA LN,mountain rescue,36
2019,62XX E CHOLLA LN,,2
2020,62XX E CHOLLA LN,mountain rescue,11
2020,62XX E CHOLLA LN,,2
2021,62XX E CHOLLA LN,mountain rescue,1
2023,62XX E CHOLLA LN,natural gas leak,2
2023,62XX E CHOLLA LN,,1
2025,62XX E CHOLLA LN,,1
2019,6XX N GALVIN PW,,7
2019,6XX N GALVIN PW,mountain rescue,7
2019,6XX N GALVIN PW,vehicle fire,1
2020,6XX N GALVIN PW,,8
2020,6XX N GALVIN PW,mountain rescue,7
2020,6XX N GALVIN PW,crisis care,1
2020,6XX N GALVIN PW,illegal burning,1
2020,6XX N GALVIN PW,vehicle fire,1
2021,6XX N GALVIN PW,,9
2021,6XX N GALVIN PW,mountain rescue,5
2021,6XX N GALVIN PW,check smoke,1
2022,6XX N GALVIN PW,,10
2022,6XX N GALVIN PW,mountain rescue,5
2022,6XX N GALVIN PW,crisis care,1
2022,6XX N GALVIN PW,debris fire,1
2022,6XX N GALVIN PW,unknown fire,1
2023,6XX N GALVIN PW,,5
2023,6XX N GALVIN PW,mountain rescue,3
2023,6XX N GALVIN PW,barbecue out of control,1
2023,6XX N GALVIN PW,brush fire (still),1
2023,6XX N GALVIN PW,crisis care,1
2023,6XX N GALVIN PW,unknown fire,1
2024,6XX N GALVIN PW,,9
2024,6XX N GALVIN PW,mountain rescue,5
2024,6XX N GALVIN PW,crisis care,1
2024,6XX N GALVIN PW,unknown fire,1
2025,6XX N GALVIN PW,,6
2025,6XX N GALVIN PW,crisis care,1
2025,6XX N GALVIN PW,mountain rescue,1
2025,6XX N GALVIN PW,water rescue,1
2019,7XX N GALVIN PW,,1
2022,E CHOLLA LN/E DUNLAP AV,mountain rescue,1
2019,E CHOLLA LN/N INVERGORDON RD,,1
2019,E CHOLLA LN/N INVERGORDON RD,vehicle fire,1
2022,E CHOLLA LN/N INVERGORDON RD,,2
2023,E CHOLLA LN/N INVERGORDON RD,check smoke,1
2021,E LINCOLN DR/E PIESTEWA PEAK DR,,2
2022,E LINCOLN DR/E PIESTEWA PEAK DR,,3
2023,E LINCOLN DR/E PIESTEWA PEAK DR,,2
2025,E LINCOLN DR/E PIESTEWA PEAK DR,,1
2019,E LINCOLN DR/E SQUAW PEAK DR,,3
2020,E LINCOLN DR/E SQUAW PEAK DR,,3
2022,E LINCOLN DR/E SQUAW PEAK DR,,2
2021,E MCDONALD DR/N TATUM BL,unknown fire,1
2023,E MCDONALD DR/N TATUM BL,,1
2025,E MCDONALD DR/N TATUM BL,check smoke,1
2021,N 23RD PL/E PIESTEWA PEAK DR,,1
2024,N 23RD PL/E PIESTEWA PEAK DR,,1
2023,N 26TH ST/E PIESTEWA PEAK DR,,1
2020,N 26TH ST/E SQUAW PEAK DR,,1
2021,N 26TH ST/E SQUAW PEAK DR,,1
2021,N 45TH PL/E MCDONALD DR,,1
2022,N 45TH PL/E MCDONALD DR,,1
2022,N 47TH ST/E MCDONALD DR,,1
2024,N 47TH ST/E MCDONALD DR,unknown fire,1
2022,N 61ST ST/E CHOLLA LN,natural gas leak,1
2022,N ECHO CANYON CI/N ECHO CANYON DR,,1
2023,N ECHO CANYON PW/E MCDONALD DR,,1
2019,N GALVIN PW/E MCDOWELL RD,,8
2020,N GALVIN PW/E MCDOWELL RD,,1
2020,N GALVIN PW/E MCDOWELL RD,illegal burning,1
2021,N GALVIN PW/E MCDOWELL RD,,13
2021,N GALVIN PW/E MCDOWELL RD,mountain rescue,1
2021,N GALVIN PW/E MCDOWELL RD,vehicle fire,1
2022,N GALVIN PW/E MCDOWELL RD,,7
2022,N GALVIN PW/E MCDOWELL RD,unknown fire,1
2023,N GALVIN PW/E MCDOWELL RD,,1
2024,N GALVIN PW/E MCDOWELL RD,,2
2024,N GALVIN PW/E MCDOWELL RD,service call,1
2025,N GALVIN PW/E MCDOWELL RD,,3
2025,N GALVIN PW/E MCDOWELL RD,mountain rescue,1
2019,N GALVIN PW/E VAN BUREN ST,,11
2020,N GALVIN PW/E VAN BUREN ST,,7
2021,N GALVIN PW/E VAN BUREN ST,,18
2021,N GALVIN PW/E VAN BUREN ST,assist PD,1
2021,N GALVIN PW/E VAN BUREN ST,debris fire,1
2022,N GALVIN PW/E VAN BUREN ST,,19
2022,N GALVIN PW/E VAN BUREN ST,unknown fire,1
2022,N GALVIN PW/E VAN BUREN ST,vehicle fire,1
2023,N GALVIN PW/E VAN BUREN ST,,10
2024,N GALVIN PW/E VAN BUREN ST,,5
2024,N GALVIN PW/E VAN BUREN ST,unknown fire,3
2024,N GALVIN PW/E VAN BUREN ST,check fire reported out,1
2024,N GALVIN PW/E VAN BUREN ST,debris fire,1
2024,N GALVIN PW/E VAN BUREN ST,police crisis care,1
2025,N GALVIN PW/E VAN BUREN ST,,14
2025,N GALVIN PW/E VAN BUREN ST,brush fire (still),1
2025,N GALVIN PW/E VAN BUREN ST,grass fire,1
2025,N GALVIN PW/E VAN BUREN ST,service call,1
2025,N GALVIN PW/E VAN BUREN ST,trash fire,1
2025,N GALVIN PW/E VAN BUREN ST,vehicle fire,1
2019,S 48TH ST/E PIMA CANYON RD,,1
2020,S 48TH ST/E PIMA CANYON RD,,1
2021,S 48TH ST/E PIMA CANYON RD,,1
